<?xml version = '1.0' encoding = 'UTF-8'?>
<Relation class="oracle.dbtools.crest.model.design.logical.Relation" name="produto_estoque_estoque" directorySegmentName="seg_0" id="5F68FEE1-E6BF-C82D-5D30-79613750516F">
<createdBy>OverShade</createdBy>
<createdTime>2020-04-04 00:49:53 UTC</createdTime>
<ownerDesignName>Modelo Lógico E-Commerce</ownerDesignName>
<engineerTo>
<item key="62613AD8-FF0C-BFCD-BF97-9F7AE4F10EA9" value="true"/>
</engineerTo>
<targetPk>35624A2E-FB04-EEFC-932F-C0E5871D31BC</targetPk>
<identifying>false</identifying>
<optionalSource>false</optionalSource>
<optionalTarget>true</optionalTarget>
<sourceCardinality>*</sourceCardinality>
<sourceEntity>A8403F4F-F98E-5AA4-790F-49BE70B4D7E9</sourceEntity>
<targetCardinalityString>1</targetCardinalityString>
<targetEntity>178630BC-6CFD-F1AF-1BEC-9E7ABBBF787C</targetEntity>
<transferable>true</transferable>
<deleteRule>NO ACTION</deleteRule>
</Relation>