<?xml version = '1.0' encoding = 'UTF-8'?>
<Relation class="oracle.dbtools.crest.model.design.logical.Relation" name="atendente_atendimento" directorySegmentName="seg_0" id="7E9D4E83-F252-D354-3B85-EAEFEB0793F6">
<createdBy>OverShade</createdBy>
<createdTime>2020-04-04 00:43:00 UTC</createdTime>
<ownerDesignName>Modelo Lógico E-Commerce</ownerDesignName>
<engineerTo>
<item key="62613AD8-FF0C-BFCD-BF97-9F7AE4F10EA9" value="true"/>
</engineerTo>
<sourcePk>7EB6D474-9513-5192-D981-7FF74826C569</sourcePk>
<identifying>false</identifying>
<optionalSource>true</optionalSource>
<optionalTarget>false</optionalTarget>
<sourceCardinality>1</sourceCardinality>
<sourceEntity>1A042F2A-5E35-32E2-3848-D6C9733EB211</sourceEntity>
<targetCardinalityString>*</targetCardinalityString>
<targetEntity>5D673A9E-7177-C7EC-2AE9-477CC9082D4F</targetEntity>
<transferable>true</transferable>
<deleteRule>NO ACTION</deleteRule>
</Relation>