<?xml version = '1.0' encoding = 'UTF-8'?>
<Relation class="oracle.dbtools.crest.model.design.logical.Relation" name="compra_compra_produto" directorySegmentName="seg_0" id="7F5F73F9-68C8-AE14-F92A-A020C9C2AF8C">
<createdBy>OverShade</createdBy>
<createdTime>2020-05-06 01:17:28 UTC</createdTime>
<ownerDesignName>Modelo Lógico E-Commerce</ownerDesignName>
<engineerTo>
<item key="62613AD8-FF0C-BFCD-BF97-9F7AE4F10EA9" value="true"/>
</engineerTo>
<sourcePk>FF60B302-6D49-F626-EC56-8DD881703CB6</sourcePk>
<identifying>false</identifying>
<optionalSource>false</optionalSource>
<optionalTarget>false</optionalTarget>
<sourceCardinality>1</sourceCardinality>
<sourceEntity>923292B8-108B-1B42-D30B-9AC3E85B1E20</sourceEntity>
<targetCardinalityString>*</targetCardinalityString>
<targetEntity>BFFAFAC8-C1F9-DE1C-F5F2-E2DCABEEAC9A</targetEntity>
<transferable>true</transferable>
<deleteRule>NO ACTION</deleteRule>
</Relation>