<?xml version = '1.0' encoding = 'UTF-8'?>
<Relation class="oracle.dbtools.crest.model.design.logical.Relation" name="produto_produto_estoque" directorySegmentName="seg_0" id="9C3649A1-4F7D-1C96-22DE-C5AB4C5AB56D">
<createdBy>OverShade</createdBy>
<createdTime>2020-04-04 00:49:26 UTC</createdTime>
<ownerDesignName>Modelo Lógico E-Commerce</ownerDesignName>
<engineerTo>
<item key="62613AD8-FF0C-BFCD-BF97-9F7AE4F10EA9" value="true"/>
</engineerTo>
<sourcePk>538632F6-035E-B345-DC44-B3128CBCD8E3</sourcePk>
<identifying>false</identifying>
<optionalSource>true</optionalSource>
<optionalTarget>false</optionalTarget>
<sourceCardinality>1</sourceCardinality>
<sourceEntity>7012E2F0-BFB1-5EFB-ABDD-C43D8FD0F354</sourceEntity>
<targetCardinalityString>*</targetCardinalityString>
<targetEntity>A8403F4F-F98E-5AA4-790F-49BE70B4D7E9</targetEntity>
<transferable>true</transferable>
<deleteRule>NO ACTION</deleteRule>
</Relation>