<?xml version = '1.0' encoding = 'UTF-8'?>
<Relation class="oracle.dbtools.crest.model.design.logical.Relation" name="venda_transportadora" directorySegmentName="seg_0" id="E6E40244-E1B7-89E9-6CCF-6E1B9D2C8FEF">
<createdBy>OverShade</createdBy>
<createdTime>2020-04-04 00:50:35 UTC</createdTime>
<ownerDesignName>Modelo Lógico E-Commerce</ownerDesignName>
<engineerTo>
<item key="62613AD8-FF0C-BFCD-BF97-9F7AE4F10EA9" value="true"/>
</engineerTo>
<targetPk>CE9159F0-DC1A-5865-4C7D-4A54ECF12ABC</targetPk>
<identifying>false</identifying>
<optionalSource>false</optionalSource>
<optionalTarget>true</optionalTarget>
<sourceCardinality>*</sourceCardinality>
<sourceEntity>D1DA69D6-BF2E-4634-CB4C-3DA5335E020A</sourceEntity>
<targetCardinalityString>1</targetCardinalityString>
<targetEntity>A888398B-A639-91CE-9820-286CD3003D10</targetEntity>
<transferable>true</transferable>
<deleteRule>NO ACTION</deleteRule>
</Relation>