<?xml version = '1.0' encoding = 'UTF-8'?>
<relationalModel class="oracle.dbtools.crest.model.design.relational.RelationalDesign" name="Relational_1" id="62613AD8-FF0C-BFCD-BF97-9F7AE4F10EA9" mainViewID="A2BD68AF-87F0-E30D-FB9F-D0BCDDC7BC72">
<createdBy>OverShade</createdBy>
<createdTime>2020-04-04 00:25:26 UTC</createdTime>
<ownerDesignName>Modelo Lógico E-Commerce</ownerDesignName>
<shouldBeOpen>false</shouldBeOpen>
<selectedRDBMSSite>32076570-2523-435C-2E92-BF29817DFF70</selectedRDBMSSite>
</relationalModel>