<?xml version = '1.0' encoding = 'UTF-8'?>
<Table class="oracle.dbtools.crest.model.design.relational.Table" directorySegmentName="seg_0" id="4C7E7C19-81E9-FCF4-13F5-FDDCCFAE02C5" name="Compras_produtos">
<createdBy>OverShade</createdBy>
<createdTime>2020-05-07 18:50:39 UTC</createdTime>
<ownerDesignName>Modelo Lógico E-Commerce</ownerDesignName>
<ordsAlias>table_12</ordsAlias>
<allowColumnReorder>false</allowColumnReorder>
<existDependencyGenerateInDDl>true</existDependencyGenerateInDDl>
<parsed>true</parsed>
<columns itemClass="oracle.dbtools.crest.model.design.relational.Column">
<Column name="id_compra_produto" id="DDBD5D66-902A-5C72-67C3-EF0040411F93">
<createdBy>OverShade</createdBy>
<createdTime>2020-05-07 18:52:11 UTC</createdTime>
<ownerDesignName>Modelo Lógico E-Commerce</ownerDesignName>
<useDomainConstraints>false</useDomainConstraints>
<use>1</use>
<logicalDatatype>LOGDT011</logicalDatatype>
<ownDataTypeParameters>,,</ownDataTypeParameters>
<autoIncrementCycle>false</autoIncrementCycle>
</Column>
<Column name="quantidade_compra_produto" id="E935E3FB-C2D4-E4C9-3871-6EF8A38150A2">
<createdBy>OverShade</createdBy>
<createdTime>2020-05-07 18:52:24 UTC</createdTime>
<ownerDesignName>Modelo Lógico E-Commerce</ownerDesignName>
<useDomainConstraints>false</useDomainConstraints>
<use>1</use>
<logicalDatatype>LOGDT011</logicalDatatype>
<ownDataTypeParameters>,,</ownDataTypeParameters>
<autoIncrementCycle>false</autoIncrementCycle>
</Column>
<Column name="comp_id_compra" id="698035CE-9ACF-9E1E-4D39-814F7F0DA2CB">
<createdBy>OverShade</createdBy>
<createdTime>2020-05-07 20:02:42 UTC</createdTime>
<ownerDesignName>Modelo Lógico E-Commerce</ownerDesignName>
<useDomainConstraints>false</useDomainConstraints>
<use>1</use>
<logicalDatatype>LOGDT011</logicalDatatype>
<ownDataTypeParameters>,,</ownDataTypeParameters>
<previousColumn>false</previousColumn>
<autoIncrementCycle>false</autoIncrementCycle>
<associations>
<colAssociation fkAssociation="9EC8E8A4-5A46-B354-BD2E-FF895B3D1629" referredColumn="2C3B0754-01EC-F4D9-E587-1F1398C47FA8"/>
</associations>
</Column>
</columns>
<indexes itemClass="oracle.dbtools.crest.model.design.relational.Index">
<ind_PK_UK id="39EFAB22-C069-644B-88F3-150EF950023B" name="comp_produtos_PK">
<createdBy>OverShade</createdBy>
<createdTime>2020-05-07 18:59:23 UTC</createdTime>
<ownerDesignName>Modelo Lógico E-Commerce</ownerDesignName>
<pk>true</pk>
<indexState>Primary Constraint</indexState>
<isSurrogateKey>false</isSurrogateKey>
<indexColumnUsage>
<colUsage columnID="DDBD5D66-902A-5C72-67C3-EF0040411F93"/>
</indexColumnUsage>
</ind_PK_UK>
<ind_PK_UK id="1C1271B9-6D29-79C0-CA38-560381D0ED7E" name="comp_produtos_comp_FK">
<createdBy>OverShade</createdBy>
<createdTime>2020-05-07 20:02:42 UTC</createdTime>
<ownerDesignName>Modelo Lógico E-Commerce</ownerDesignName>
<indexState>Foreign Key</indexState>
<isSurrogateKey>false</isSurrogateKey>
<indexColumnUsage>
<colUsage columnID="698035CE-9ACF-9E1E-4D39-814F7F0DA2CB"/>
</indexColumnUsage>
</ind_PK_UK>
</indexes>
</Table>