<?xml version = '1.0' encoding = 'UTF-8'?>
<Table class="oracle.dbtools.crest.model.design.relational.Table" directorySegmentName="seg_0" id="577FB734-C881-401E-39D0-22181E5DF7DB" name="Clientes">
<createdBy>OverShade</createdBy>
<createdTime>2020-05-07 18:27:40 UTC</createdTime>
<ownerDesignName>Modelo Lógico E-Commerce</ownerDesignName>
<ordsAlias>table_12</ordsAlias>
<allowColumnReorder>false</allowColumnReorder>
<existDependencyGenerateInDDl>true</existDependencyGenerateInDDl>
<parsed>true</parsed>
<columns itemClass="oracle.dbtools.crest.model.design.relational.Column">
<Column name="id_cliente" id="794F689A-5A61-B9B0-6A44-601DC4C7A648">
<createdBy>OverShade</createdBy>
<createdTime>2020-05-07 19:12:51 UTC</createdTime>
<ownerDesignName>Modelo Lógico E-Commerce</ownerDesignName>
<useDomainConstraints>false</useDomainConstraints>
<use>1</use>
<logicalDatatype>LOGDT011</logicalDatatype>
<ownDataTypeParameters>,,</ownDataTypeParameters>
<autoIncrementCycle>false</autoIncrementCycle>
</Column>
<Column name="login" id="0072705B-BCD8-BFAB-1BE2-BB4560E854BE">
<createdBy>OverShade</createdBy>
<createdTime>2020-05-07 19:13:02 UTC</createdTime>
<ownerDesignName>Modelo Lógico E-Commerce</ownerDesignName>
<nullsAllowed>true</nullsAllowed>
<useDomainConstraints>false</useDomainConstraints>
<use>1</use>
<logicalDatatype>LOGDT024</logicalDatatype>
<ownDataTypeParameters>,,</ownDataTypeParameters>
<autoIncrementCycle>false</autoIncrementCycle>
</Column>
<Column name="nome_cliente" id="68F07AC5-A27B-F69D-FAF5-8F3F2C482D78">
<createdBy>OverShade</createdBy>
<createdTime>2020-05-07 19:13:14 UTC</createdTime>
<ownerDesignName>Modelo Lógico E-Commerce</ownerDesignName>
<useDomainConstraints>false</useDomainConstraints>
<use>1</use>
<logicalDatatype>LOGDT024</logicalDatatype>
<ownDataTypeParameters>,,</ownDataTypeParameters>
<autoIncrementCycle>false</autoIncrementCycle>
</Column>
<Column name="sobrenome_cliente" id="49955707-F476-D489-350F-19DBE4C4BC50">
<createdBy>OverShade</createdBy>
<createdTime>2020-05-07 19:13:30 UTC</createdTime>
<ownerDesignName>Modelo Lógico E-Commerce</ownerDesignName>
<useDomainConstraints>false</useDomainConstraints>
<use>1</use>
<logicalDatatype>LOGDT024</logicalDatatype>
<ownDataTypeParameters>,,</ownDataTypeParameters>
<autoIncrementCycle>false</autoIncrementCycle>
</Column>
<Column name="senha" id="85B5A8F0-06FA-CAB7-9323-E2732A5382FD">
<createdBy>OverShade</createdBy>
<createdTime>2020-05-07 19:13:37 UTC</createdTime>
<ownerDesignName>Modelo Lógico E-Commerce</ownerDesignName>
<useDomainConstraints>false</useDomainConstraints>
<use>1</use>
<logicalDatatype>LOGDT024</logicalDatatype>
<ownDataTypeParameters>,,</ownDataTypeParameters>
<autoIncrementCycle>false</autoIncrementCycle>
</Column>
<Column name="email_cliente" id="E03D65CE-802D-76B1-44B6-020FB3EE0D8E">
<createdBy>OverShade</createdBy>
<createdTime>2020-05-07 19:13:48 UTC</createdTime>
<ownerDesignName>Modelo Lógico E-Commerce</ownerDesignName>
<useDomainConstraints>false</useDomainConstraints>
<use>1</use>
<logicalDatatype>LOGDT024</logicalDatatype>
<ownDataTypeParameters>,,</ownDataTypeParameters>
<autoIncrementCycle>false</autoIncrementCycle>
</Column>
<Column name="telefone_cliente" id="4103E58E-A19B-8C67-CA27-7F054DCF88D6">
<createdBy>OverShade</createdBy>
<createdTime>2020-05-07 19:14:03 UTC</createdTime>
<ownerDesignName>Modelo Lógico E-Commerce</ownerDesignName>
<useDomainConstraints>false</useDomainConstraints>
<use>1</use>
<logicalDatatype>LOGDT024</logicalDatatype>
<ownDataTypeParameters>,,</ownDataTypeParameters>
<autoIncrementCycle>false</autoIncrementCycle>
</Column>
<Column name="ende_id_endereco" id="CB31E099-85F9-D3D5-3B23-382EAA519FC0">
<createdBy>OverShade</createdBy>
<createdTime>2020-05-07 20:12:22 UTC</createdTime>
<ownerDesignName>Modelo Lógico E-Commerce</ownerDesignName>
<useDomainConstraints>false</useDomainConstraints>
<use>1</use>
<logicalDatatype>LOGDT011</logicalDatatype>
<ownDataTypeParameters>,,</ownDataTypeParameters>
<previousColumn>false</previousColumn>
<autoIncrementCycle>false</autoIncrementCycle>
<associations>
<colAssociation fkAssociation="D801AD4E-1AE1-416A-3762-0BAB427B3254" referredColumn="35420F27-4D65-96B8-BA76-07EBEA693D37"/>
</associations>
</Column>
</columns>
<indexes itemClass="oracle.dbtools.crest.model.design.relational.Index">
<ind_PK_UK id="33487BF5-2A6D-90E3-A75B-1CFAFF8987AA" name="client_PK">
<createdBy>OverShade</createdBy>
<createdTime>2020-05-07 19:12:55 UTC</createdTime>
<ownerDesignName>Modelo Lógico E-Commerce</ownerDesignName>
<pk>true</pk>
<indexState>Primary Constraint</indexState>
<isSurrogateKey>false</isSurrogateKey>
<indexColumnUsage>
<colUsage columnID="794F689A-5A61-B9B0-6A44-601DC4C7A648"/>
</indexColumnUsage>
</ind_PK_UK>
<ind_PK_UK id="D3E80D35-4531-975F-780C-B7A7A66F82F9" name="client_ende_FK">
<createdBy>OverShade</createdBy>
<createdTime>2020-05-07 20:12:22 UTC</createdTime>
<ownerDesignName>Modelo Lógico E-Commerce</ownerDesignName>
<indexState>Foreign Key</indexState>
<isSurrogateKey>false</isSurrogateKey>
<indexColumnUsage>
<colUsage columnID="CB31E099-85F9-D3D5-3B23-382EAA519FC0"/>
</indexColumnUsage>
</ind_PK_UK>
</indexes>
</Table>