<?xml version = '1.0' encoding = 'UTF-8'?>
<Table class="oracle.dbtools.crest.model.design.relational.Table" directorySegmentName="seg_0" id="5F8AB557-F89C-D949-6BED-246141E4FF18" name="Vendas">
<createdBy>OverShade</createdBy>
<createdTime>2020-05-07 18:40:33 UTC</createdTime>
<ownerDesignName>Modelo Lógico E-Commerce</ownerDesignName>
<ordsAlias>table_12</ordsAlias>
<allowColumnReorder>false</allowColumnReorder>
<existDependencyGenerateInDDl>true</existDependencyGenerateInDDl>
<parsed>true</parsed>
<columns itemClass="oracle.dbtools.crest.model.design.relational.Column">
<Column name="numero_da_venda" id="972828E1-D43C-3556-BEFA-EDF4E250BEB9">
<createdBy>OverShade</createdBy>
<createdTime>2020-05-07 19:21:55 UTC</createdTime>
<ownerDesignName>Modelo Lógico E-Commerce</ownerDesignName>
<useDomainConstraints>false</useDomainConstraints>
<use>1</use>
<logicalDatatype>LOGDT011</logicalDatatype>
<ownDataTypeParameters>,,</ownDataTypeParameters>
<autoIncrementCycle>false</autoIncrementCycle>
</Column>
<Column name="valor_da_venda" id="8DE9C96D-1648-E285-A74A-B99238352A78">
<createdBy>OverShade</createdBy>
<createdTime>2020-05-07 19:22:10 UTC</createdTime>
<ownerDesignName>Modelo Lógico E-Commerce</ownerDesignName>
<useDomainConstraints>false</useDomainConstraints>
<use>1</use>
<logicalDatatype>LOGDT043</logicalDatatype>
<ownDataTypeParameters>,,</ownDataTypeParameters>
<autoIncrementCycle>false</autoIncrementCycle>
</Column>
<Column name="data_da_venda" id="22D29784-90E0-7893-357D-C281C90EE5FE">
<createdBy>OverShade</createdBy>
<createdTime>2020-05-07 19:22:17 UTC</createdTime>
<ownerDesignName>Modelo Lógico E-Commerce</ownerDesignName>
<useDomainConstraints>false</useDomainConstraints>
<use>1</use>
<logicalDatatype>LOGDT008</logicalDatatype>
<ownDataTypeParameters>,,</ownDataTypeParameters>
<autoIncrementCycle>false</autoIncrementCycle>
</Column>
<Column name="carri_id_carrinho" id="9B7A9A2C-C862-919A-834F-CC1B1E69C266">
<createdBy>OverShade</createdBy>
<createdTime>2020-05-07 19:58:33 UTC</createdTime>
<ownerDesignName>Modelo Lógico E-Commerce</ownerDesignName>
<useDomainConstraints>false</useDomainConstraints>
<use>1</use>
<logicalDatatype>LOGDT011</logicalDatatype>
<ownDataTypeParameters>,,</ownDataTypeParameters>
<previousColumn>false</previousColumn>
<autoIncrementCycle>false</autoIncrementCycle>
<associations>
<colAssociation fkAssociation="1A45C7FD-DE48-F725-16CC-7F65B189B141" referredColumn="6EF88CAE-B175-BE3F-62D1-096FAAD5CF85"/>
</associations>
</Column>
<Column name="Transportadora_id_transportadora" id="9E61D9AE-6DE8-5A01-8FDE-77479179767B">
<createdBy>OverShade</createdBy>
<createdTime>2020-05-07 19:58:56 UTC</createdTime>
<ownerDesignName>Modelo Lógico E-Commerce</ownerDesignName>
<useDomainConstraints>false</useDomainConstraints>
<use>1</use>
<logicalDatatype>LOGDT011</logicalDatatype>
<ownDataTypeParameters>,,</ownDataTypeParameters>
<previousColumn>false</previousColumn>
<autoIncrementCycle>false</autoIncrementCycle>
<associations>
<colAssociation fkAssociation="6F1B3327-504B-568C-2F00-9E6E1D54AD2B" referredColumn="35BB440B-3929-B0A5-AAE0-FDEDDA549DCC"/>
</associations>
</Column>
</columns>
<indexes itemClass="oracle.dbtools.crest.model.design.relational.Index">
<ind_PK_UK id="9C8F4054-F16E-1424-74E9-9F5B9916A630" name="vend_PK">
<createdBy>OverShade</createdBy>
<createdTime>2020-05-07 19:21:55 UTC</createdTime>
<ownerDesignName>Modelo Lógico E-Commerce</ownerDesignName>
<pk>true</pk>
<indexState>Primary Constraint</indexState>
<isSurrogateKey>false</isSurrogateKey>
<indexColumnUsage>
<colUsage columnID="972828E1-D43C-3556-BEFA-EDF4E250BEB9"/>
</indexColumnUsage>
</ind_PK_UK>
<ind_PK_UK id="18B5ACE8-640B-33FD-BC7D-8EB6D2BB63AC" name="vend_carri_FK">
<createdBy>OverShade</createdBy>
<createdTime>2020-05-07 19:58:33 UTC</createdTime>
<ownerDesignName>Modelo Lógico E-Commerce</ownerDesignName>
<indexState>Foreign Key</indexState>
<isSurrogateKey>false</isSurrogateKey>
<indexColumnUsage>
<colUsage columnID="9B7A9A2C-C862-919A-834F-CC1B1E69C266"/>
</indexColumnUsage>
</ind_PK_UK>
<ind_PK_UK id="D38EED4A-4CE2-B8EA-82E5-956ECA96260F" name="vend_Transportadora_FK">
<createdBy>OverShade</createdBy>
<createdTime>2020-05-07 19:58:56 UTC</createdTime>
<ownerDesignName>Modelo Lógico E-Commerce</ownerDesignName>
<indexState>Foreign Key</indexState>
<isSurrogateKey>false</isSurrogateKey>
<indexColumnUsage>
<colUsage columnID="9E61D9AE-6DE8-5A01-8FDE-77479179767B"/>
</indexColumnUsage>
</ind_PK_UK>
</indexes>
</Table>