<?xml version = '1.0' encoding = 'UTF-8'?>
<Table class="oracle.dbtools.crest.model.design.relational.Table" directorySegmentName="seg_0" id="715738EF-5375-ABAE-321A-87F23B4B124A" name="Atendimentos">
<createdBy>OverShade</createdBy>
<createdTime>2020-05-07 18:40:07 UTC</createdTime>
<ownerDesignName>Modelo Lógico E-Commerce</ownerDesignName>
<ordsAlias>table_12</ordsAlias>
<allowColumnReorder>false</allowColumnReorder>
<existDependencyGenerateInDDl>true</existDependencyGenerateInDDl>
<parsed>true</parsed>
<columns itemClass="oracle.dbtools.crest.model.design.relational.Column">
<Column name="numero_do_protocolo" id="A2557557-E0F8-A1F1-DCDE-CA74A818F608">
<createdBy>OverShade</createdBy>
<createdTime>2020-05-07 19:11:47 UTC</createdTime>
<ownerDesignName>Modelo Lógico E-Commerce</ownerDesignName>
<useDomainConstraints>false</useDomainConstraints>
<use>1</use>
<logicalDatatype>LOGDT011</logicalDatatype>
<ownDataTypeParameters>,,</ownDataTypeParameters>
<autoIncrementCycle>false</autoIncrementCycle>
</Column>
<Column name="data_do_atendimento" id="C3AD16B6-ABAB-EF82-0664-314C1FEA1680">
<createdBy>OverShade</createdBy>
<createdTime>2020-05-07 19:12:05 UTC</createdTime>
<ownerDesignName>Modelo Lógico E-Commerce</ownerDesignName>
<useDomainConstraints>false</useDomainConstraints>
<use>1</use>
<logicalDatatype>LOGDT008</logicalDatatype>
<ownDataTypeParameters>,,</ownDataTypeParameters>
<autoIncrementCycle>false</autoIncrementCycle>
</Column>
<Column name="nota_do_atendimento" id="AE4E3D1C-0665-2E6E-7005-0D28173B6D19">
<createdBy>OverShade</createdBy>
<createdTime>2020-05-07 19:12:25 UTC</createdTime>
<ownerDesignName>Modelo Lógico E-Commerce</ownerDesignName>
<nullsAllowed>true</nullsAllowed>
<useDomainConstraints>false</useDomainConstraints>
<use>1</use>
<logicalDatatype>LOGDT011</logicalDatatype>
<ownDataTypeParameters>,,</ownDataTypeParameters>
<autoIncrementCycle>false</autoIncrementCycle>
</Column>
<Column name="atende_numero_da_matricula" id="6A437328-4A17-1022-0E3B-5949CE442B28">
<createdBy>OverShade</createdBy>
<createdTime>2020-05-07 20:01:58 UTC</createdTime>
<ownerDesignName>Modelo Lógico E-Commerce</ownerDesignName>
<useDomainConstraints>false</useDomainConstraints>
<use>1</use>
<logicalDatatype>LOGDT011</logicalDatatype>
<ownDataTypeParameters>,,</ownDataTypeParameters>
<previousColumn>false</previousColumn>
<autoIncrementCycle>false</autoIncrementCycle>
<associations>
<colAssociation fkAssociation="C6D4A6A7-49F2-9EB3-08DB-BBF4DB94449E" referredColumn="1E577ABE-5CE4-0C0E-B822-D541CF4594A1"/>
</associations>
</Column>
<Column name="client_id_cliente" id="1254EC12-5A54-8CEA-E7E0-BA7FC10BDE37">
<createdBy>OverShade</createdBy>
<createdTime>2020-05-07 20:05:32 UTC</createdTime>
<ownerDesignName>Modelo Lógico E-Commerce</ownerDesignName>
<useDomainConstraints>false</useDomainConstraints>
<use>1</use>
<logicalDatatype>LOGDT011</logicalDatatype>
<ownDataTypeParameters>,,</ownDataTypeParameters>
<previousColumn>false</previousColumn>
<autoIncrementCycle>false</autoIncrementCycle>
<associations>
<colAssociation fkAssociation="1DA037F9-1315-291C-677C-433F7082FB1C" referredColumn="794F689A-5A61-B9B0-6A44-601DC4C7A648"/>
</associations>
</Column>
</columns>
<indexes itemClass="oracle.dbtools.crest.model.design.relational.Index">
<ind_PK_UK id="298A9C79-F25A-8F34-F515-A9953A735144" name="atendi_PK">
<createdBy>OverShade</createdBy>
<createdTime>2020-05-07 19:11:47 UTC</createdTime>
<ownerDesignName>Modelo Lógico E-Commerce</ownerDesignName>
<pk>true</pk>
<indexState>Primary Constraint</indexState>
<isSurrogateKey>false</isSurrogateKey>
<indexColumnUsage>
<colUsage columnID="A2557557-E0F8-A1F1-DCDE-CA74A818F608"/>
</indexColumnUsage>
</ind_PK_UK>
<ind_PK_UK id="67ABFC93-E5D4-0B44-2E96-F69F0272F922" name="atendi_atende_FK">
<createdBy>OverShade</createdBy>
<createdTime>2020-05-07 20:01:58 UTC</createdTime>
<ownerDesignName>Modelo Lógico E-Commerce</ownerDesignName>
<indexState>Foreign Key</indexState>
<isSurrogateKey>false</isSurrogateKey>
<indexColumnUsage>
<colUsage columnID="6A437328-4A17-1022-0E3B-5949CE442B28"/>
</indexColumnUsage>
</ind_PK_UK>
<ind_PK_UK id="8539F55C-E55B-8B04-E10B-18543261CABF" name="atendi_client_FK">
<createdBy>OverShade</createdBy>
<createdTime>2020-05-07 20:05:32 UTC</createdTime>
<ownerDesignName>Modelo Lógico E-Commerce</ownerDesignName>
<indexState>Foreign Key</indexState>
<isSurrogateKey>false</isSurrogateKey>
<indexColumnUsage>
<colUsage columnID="1254EC12-5A54-8CEA-E7E0-BA7FC10BDE37"/>
</indexColumnUsage>
</ind_PK_UK>
</indexes>
</Table>