<?xml version = '1.0' encoding = 'UTF-8'?>
<Table class="oracle.dbtools.crest.model.design.relational.Table" directorySegmentName="seg_0" id="E6838D25-D3CC-94C8-A107-4A122388B9DA" name="Produtos_estoques">
<createdBy>OverShade</createdBy>
<createdTime>2020-05-07 18:41:49 UTC</createdTime>
<ownerDesignName>Modelo Lógico E-Commerce</ownerDesignName>
<ordsAlias>table_12</ordsAlias>
<allowColumnReorder>false</allowColumnReorder>
<existDependencyGenerateInDDl>true</existDependencyGenerateInDDl>
<parsed>true</parsed>
<columns itemClass="oracle.dbtools.crest.model.design.relational.Column">
<Column name="id_produto_estoque" id="C4265C9E-5262-8D47-A00B-4FB4F9A7532C">
<createdBy>OverShade</createdBy>
<createdTime>2020-05-07 18:46:20 UTC</createdTime>
<ownerDesignName>Modelo Lógico E-Commerce</ownerDesignName>
<useDomainConstraints>false</useDomainConstraints>
<use>1</use>
<logicalDatatype>LOGDT011</logicalDatatype>
<ownDataTypeParameters>,,</ownDataTypeParameters>
<autoIncrementCycle>false</autoIncrementCycle>
</Column>
<Column name="quantidade_produto_estoque" id="5DD3AD04-D2F6-4753-2C73-DFEB5157989A">
<createdBy>OverShade</createdBy>
<createdTime>2020-05-07 18:46:30 UTC</createdTime>
<ownerDesignName>Modelo Lógico E-Commerce</ownerDesignName>
<useDomainConstraints>false</useDomainConstraints>
<use>1</use>
<logicalDatatype>LOGDT011</logicalDatatype>
<ownDataTypeParameters>,,</ownDataTypeParameters>
<autoIncrementCycle>false</autoIncrementCycle>
</Column>
<Column name="prod_id_produto" id="5C9C813C-22D7-BB4B-A691-B31D9B4DDC67">
<createdBy>OverShade</createdBy>
<createdTime>2020-05-07 19:59:47 UTC</createdTime>
<ownerDesignName>Modelo Lógico E-Commerce</ownerDesignName>
<useDomainConstraints>false</useDomainConstraints>
<use>1</use>
<logicalDatatype>LOGDT011</logicalDatatype>
<ownDataTypeParameters>,,</ownDataTypeParameters>
<previousColumn>false</previousColumn>
<autoIncrementCycle>false</autoIncrementCycle>
<associations>
<colAssociation fkAssociation="1BADEC5C-EE29-6171-E9DE-B21A35EE2F00" referredColumn="FFA1009C-BF70-C1A7-54F6-C801F8E8DFC4"/>
</associations>
</Column>
<Column name="esto_id_estoque" id="F3021FC0-E6D8-4B10-37FC-B9CB1E8F06E9">
<createdBy>OverShade</createdBy>
<createdTime>2020-05-07 20:01:11 UTC</createdTime>
<ownerDesignName>Modelo Lógico E-Commerce</ownerDesignName>
<useDomainConstraints>false</useDomainConstraints>
<use>1</use>
<logicalDatatype>LOGDT011</logicalDatatype>
<ownDataTypeParameters>,,</ownDataTypeParameters>
<previousColumn>false</previousColumn>
<autoIncrementCycle>false</autoIncrementCycle>
<associations>
<colAssociation fkAssociation="1C8A5D09-FCCC-4C22-A519-34D0E27EA307" referredColumn="0DDCD3EC-E961-9D03-49CB-4645E4AA3B08"/>
</associations>
</Column>
</columns>
<indexes itemClass="oracle.dbtools.crest.model.design.relational.Index">
<ind_PK_UK id="B20971FA-1178-E40B-651E-96EB7AC29D8C" name="prod_estoques_PK">
<createdBy>OverShade</createdBy>
<createdTime>2020-05-07 18:59:28 UTC</createdTime>
<ownerDesignName>Modelo Lógico E-Commerce</ownerDesignName>
<pk>true</pk>
<indexState>Primary Constraint</indexState>
<isSurrogateKey>false</isSurrogateKey>
<indexColumnUsage>
<colUsage columnID="C4265C9E-5262-8D47-A00B-4FB4F9A7532C"/>
</indexColumnUsage>
</ind_PK_UK>
<ind_PK_UK id="A619B212-3F2B-B82B-AF0C-6DADF1DBE839" name="prod_estoques_prod_FK">
<createdBy>OverShade</createdBy>
<createdTime>2020-05-07 19:59:47 UTC</createdTime>
<ownerDesignName>Modelo Lógico E-Commerce</ownerDesignName>
<indexState>Foreign Key</indexState>
<isSurrogateKey>false</isSurrogateKey>
<indexColumnUsage>
<colUsage columnID="5C9C813C-22D7-BB4B-A691-B31D9B4DDC67"/>
</indexColumnUsage>
</ind_PK_UK>
<ind_PK_UK id="60B316DF-2CCD-74F5-38F4-2C61874407B2" name="prod_estoques_esto_FK">
<createdBy>OverShade</createdBy>
<createdTime>2020-05-07 20:01:11 UTC</createdTime>
<ownerDesignName>Modelo Lógico E-Commerce</ownerDesignName>
<indexState>Foreign Key</indexState>
<isSurrogateKey>false</isSurrogateKey>
<indexColumnUsage>
<colUsage columnID="F3021FC0-E6D8-4B10-37FC-B9CB1E8F06E9"/>
</indexColumnUsage>
</ind_PK_UK>
</indexes>
</Table>