<?xml version = '1.0' encoding = 'UTF-8'?>
<Table class="oracle.dbtools.crest.model.design.relational.Table" directorySegmentName="seg_0" id="F4C1522C-B7BB-FAB8-2F6D-31FCA6750D82" name="Compras">
<createdBy>OverShade</createdBy>
<createdTime>2020-05-07 18:39:29 UTC</createdTime>
<ownerDesignName>Modelo Lógico E-Commerce</ownerDesignName>
<ordsAlias>table_12</ordsAlias>
<allowColumnReorder>false</allowColumnReorder>
<existDependencyGenerateInDDl>true</existDependencyGenerateInDDl>
<parsed>true</parsed>
<columns itemClass="oracle.dbtools.crest.model.design.relational.Column">
<Column name="id_compra" id="2C3B0754-01EC-F4D9-E587-1F1398C47FA8">
<createdBy>OverShade</createdBy>
<createdTime>2020-05-07 18:49:24 UTC</createdTime>
<ownerDesignName>Modelo Lógico E-Commerce</ownerDesignName>
<useDomainConstraints>false</useDomainConstraints>
<use>1</use>
<logicalDatatype>LOGDT011</logicalDatatype>
<ownDataTypeParameters>,,</ownDataTypeParameters>
<autoIncrementCycle>false</autoIncrementCycle>
</Column>
<Column name="data_da_compra" id="267D4A75-CCDE-6056-E3CA-29ADC24C4ECF">
<createdBy>OverShade</createdBy>
<createdTime>2020-05-07 18:50:03 UTC</createdTime>
<ownerDesignName>Modelo Lógico E-Commerce</ownerDesignName>
<useDomainConstraints>false</useDomainConstraints>
<use>1</use>
<logicalDatatype>LOGDT008</logicalDatatype>
<ownDataTypeParameters>,,</ownDataTypeParameters>
<autoIncrementCycle>false</autoIncrementCycle>
</Column>
<Column name="valor_da_compra" id="3F3C60F5-66FE-F80C-DAF1-C8A06FF20584">
<createdBy>OverShade</createdBy>
<createdTime>2020-05-07 18:50:19 UTC</createdTime>
<ownerDesignName>Modelo Lógico E-Commerce</ownerDesignName>
<useDomainConstraints>false</useDomainConstraints>
<use>1</use>
<logicalDatatype>LOGDT008</logicalDatatype>
<ownDataTypeParameters>,,</ownDataTypeParameters>
<autoIncrementCycle>false</autoIncrementCycle>
</Column>
<Column name="atende_numero_da_matricula" id="D309FD6B-2864-69E8-E062-7175EB536C78">
<createdBy>OverShade</createdBy>
<createdTime>2020-05-07 20:02:29 UTC</createdTime>
<ownerDesignName>Modelo Lógico E-Commerce</ownerDesignName>
<useDomainConstraints>false</useDomainConstraints>
<use>1</use>
<logicalDatatype>LOGDT011</logicalDatatype>
<ownDataTypeParameters>,,</ownDataTypeParameters>
<previousColumn>false</previousColumn>
<autoIncrementCycle>false</autoIncrementCycle>
<associations>
<colAssociation fkAssociation="B3CDC768-49BE-1769-26D9-403ABE924F81" referredColumn="1E577ABE-5CE4-0C0E-B822-D541CF4594A1"/>
</associations>
</Column>
</columns>
<indexes itemClass="oracle.dbtools.crest.model.design.relational.Index">
<ind_PK_UK id="DB67F566-B264-95DE-9736-D8FBBDAD14C5" name="comp_PK">
<createdBy>OverShade</createdBy>
<createdTime>2020-05-07 18:59:21 UTC</createdTime>
<ownerDesignName>Modelo Lógico E-Commerce</ownerDesignName>
<pk>true</pk>
<indexState>Primary Constraint</indexState>
<isSurrogateKey>false</isSurrogateKey>
<indexColumnUsage>
<colUsage columnID="2C3B0754-01EC-F4D9-E587-1F1398C47FA8"/>
</indexColumnUsage>
</ind_PK_UK>
<ind_PK_UK id="20BCC65F-5DE4-FE30-6D74-54835B03877B" name="comp_atende_FK">
<createdBy>OverShade</createdBy>
<createdTime>2020-05-07 20:02:29 UTC</createdTime>
<ownerDesignName>Modelo Lógico E-Commerce</ownerDesignName>
<indexState>Foreign Key</indexState>
<isSurrogateKey>false</isSurrogateKey>
<indexColumnUsage>
<colUsage columnID="D309FD6B-2864-69E8-E062-7175EB536C78"/>
</indexColumnUsage>
</ind_PK_UK>
</indexes>
</Table>