<?xml version = '1.0' encoding = 'UTF-8'?>
<FKIndexAssociation class="oracle.dbtools.crest.model.design.relational.FKIndexAssociation" directorySegmentName="seg_0" id="1BADEC5C-EE29-6171-E9DE-B21A35EE2F00" containerWithKeyObject="E6838D25-D3CC-94C8-A107-4A122388B9DA" localFKIndex="A619B212-3F2B-B82B-AF0C-6DADF1DBE839" name="prod_estoques_prod_FK">
<createdBy>OverShade</createdBy>
<createdTime>2020-05-07 19:59:47 UTC</createdTime>
<ownerDesignName>Modelo Lógico E-Commerce</ownerDesignName>
<referredTableLongName>Produtos</referredTableLongName>
<deleteRule>NO ACTION</deleteRule>
<referredTableID>380D73C0-EFAB-F086-2250-EA3D91850D49</referredTableID>
<keyObject>A3C7CC28-DD94-1B8E-C3A2-8C4DCD9C360F</keyObject>
<referredKeyID>A3C7CC28-DD94-1B8E-C3A2-8C4DCD9C360F</referredKeyID>
<mandatory>true</mandatory>
<refColNames>id_produto</refColNames>
<transferable>true</transferable>
<rely>false</rely>
<columnDependencyConstraintGenerateInDDL>true</columnDependencyConstraintGenerateInDDL>
</FKIndexAssociation>