<?xml version = '1.0' encoding = 'UTF-8'?>
<FKIndexAssociation class="oracle.dbtools.crest.model.design.relational.FKIndexAssociation" directorySegmentName="seg_0" id="1C8A5D09-FCCC-4C22-A519-34D0E27EA307" containerWithKeyObject="E6838D25-D3CC-94C8-A107-4A122388B9DA" localFKIndex="60B316DF-2CCD-74F5-38F4-2C61874407B2" name="prod_estoques_esto_FK">
<createdBy>OverShade</createdBy>
<createdTime>2020-05-07 20:01:11 UTC</createdTime>
<ownerDesignName>Modelo Lógico E-Commerce</ownerDesignName>
<referredTableLongName>Estoques</referredTableLongName>
<deleteRule>NO ACTION</deleteRule>
<referredTableID>4C79E188-C67A-A965-086C-443EFCFA2418</referredTableID>
<keyObject>16ECC5A9-7D3D-BDEE-4172-F4EF32D2289D</keyObject>
<referredKeyID>16ECC5A9-7D3D-BDEE-4172-F4EF32D2289D</referredKeyID>
<mandatory>true</mandatory>
<refColNames>id_estoque</refColNames>
<transferable>true</transferable>
<rely>false</rely>
<columnDependencyConstraintGenerateInDDL>true</columnDependencyConstraintGenerateInDDL>
</FKIndexAssociation>