<?xml version = '1.0' encoding = 'UTF-8'?>
<FKIndexAssociation class="oracle.dbtools.crest.model.design.relational.FKIndexAssociation" directorySegmentName="seg_0" id="2D22B599-5D81-3308-9F06-66F88B7CB5C8" containerWithKeyObject="5F8AB557-F89C-D949-6BED-246141E4FF18" localFKIndex="920EC955-6AB1-06D9-DD62-FAE4BCDC8725" name="vend_client_FK">
<createdBy>OverShade</createdBy>
<createdTime>2020-05-07 23:23:05 UTC</createdTime>
<ownerDesignName>Modelo Lógico E-Commerce</ownerDesignName>
<referredTableLongName>Clientes</referredTableLongName>
<deleteRule>NO ACTION</deleteRule>
<referredTableID>577FB734-C881-401E-39D0-22181E5DF7DB</referredTableID>
<keyObject>33487BF5-2A6D-90E3-A75B-1CFAFF8987AA</keyObject>
<referredKeyID>33487BF5-2A6D-90E3-A75B-1CFAFF8987AA</referredKeyID>
<mandatory>true</mandatory>
<refColNames>id_cliente</refColNames>
<transferable>true</transferable>
<rely>false</rely>
<columnDependencyConstraintGenerateInDDL>true</columnDependencyConstraintGenerateInDDL>
</FKIndexAssociation>