<?xml version = '1.0' encoding = 'UTF-8'?>
<FKIndexAssociation class="oracle.dbtools.crest.model.design.relational.FKIndexAssociation" directorySegmentName="seg_0" id="5C205A47-D30E-6B1B-CCB1-2ED9A2D2B56D" containerWithKeyObject="DA15E125-853B-7B68-4BDA-850FF08ABF38" localFKIndex="60EB792F-1162-B482-AFC3-F4BD7B2B4667" name="carri_vend_FK">
<createdBy>OverShade</createdBy>
<createdTime>2020-05-07 23:42:08 UTC</createdTime>
<ownerDesignName>Modelo Lógico E-Commerce</ownerDesignName>
<referredTableLongName>Vendas</referredTableLongName>
<deleteRule>NO ACTION</deleteRule>
<referredTableID>5F8AB557-F89C-D949-6BED-246141E4FF18</referredTableID>
<keyObject>9C8F4054-F16E-1424-74E9-9F5B9916A630</keyObject>
<referredKeyID>9C8F4054-F16E-1424-74E9-9F5B9916A630</referredKeyID>
<mandatory>true</mandatory>
<refColNames>numero_da_venda</refColNames>
<transferable>true</transferable>
<rely>false</rely>
<columnDependencyConstraintGenerateInDDL>true</columnDependencyConstraintGenerateInDDL>
</FKIndexAssociation>