<?xml version = '1.0' encoding = 'UTF-8'?>
<FKIndexAssociation class="oracle.dbtools.crest.model.design.relational.FKIndexAssociation" directorySegmentName="seg_0" id="9E75F7C7-EE54-DCBB-4428-E4D1E721406F" containerWithKeyObject="4C7E7C19-81E9-FCF4-13F5-FDDCCFAE02C5" localFKIndex="5A85F68F-B775-C004-6B16-15245E02F3AC" name="comp_prod_comp_FK">
<createdBy>OverShade</createdBy>
<createdTime>2020-05-07 23:36:55 UTC</createdTime>
<ownerDesignName>Modelo Lógico E-Commerce</ownerDesignName>
<referredTableLongName>Compras</referredTableLongName>
<deleteRule>NO ACTION</deleteRule>
<referredTableID>F4C1522C-B7BB-FAB8-2F6D-31FCA6750D82</referredTableID>
<keyObject>DB67F566-B264-95DE-9736-D8FBBDAD14C5</keyObject>
<referredKeyID>DB67F566-B264-95DE-9736-D8FBBDAD14C5</referredKeyID>
<mandatory>true</mandatory>
<refColNames>id_compra</refColNames>
<transferable>true</transferable>
<rely>false</rely>
<columnDependencyConstraintGenerateInDDL>true</columnDependencyConstraintGenerateInDDL>
</FKIndexAssociation>