<?xml version = '1.0' encoding = 'UTF-8'?>
<FKIndexAssociation class="oracle.dbtools.crest.model.design.relational.FKIndexAssociation" directorySegmentName="seg_0" id="DD3C8CC2-A8F7-F617-7A72-0D83590B4295" containerWithKeyObject="5F8AB557-F89C-D949-6BED-246141E4FF18" localFKIndex="D3815E06-EF76-2909-BCE3-5AB775AA6D62" name="vend_transp_FK">
<createdBy>OverShade</createdBy>
<createdTime>2020-05-07 23:28:02 UTC</createdTime>
<ownerDesignName>Modelo Lógico E-Commerce</ownerDesignName>
<referredTableLongName>Transportadoras</referredTableLongName>
<deleteRule>NO ACTION</deleteRule>
<referredTableID>50BDD38C-99A4-24B9-8E59-2EB0AE97F899</referredTableID>
<keyObject>F21EEA63-D0FF-622E-DBA8-91CCDEC09322</keyObject>
<referredKeyID>F21EEA63-D0FF-622E-DBA8-91CCDEC09322</referredKeyID>
<mandatory>true</mandatory>
<refColNames>id_transportadora</refColNames>
<transferable>true</transferable>
<rely>false</rely>
<columnDependencyConstraintGenerateInDDL>true</columnDependencyConstraintGenerateInDDL>
</FKIndexAssociation>