<?xml version = '1.0' encoding = 'UTF-8'?>
<Entity class="oracle.dbtools.crest.model.design.logical.Entity" directorySegmentName="seg_0" id="178630BC-6CFD-F1AF-1BEC-9E7ABBBF787C" name="Estoque">
<createdBy>OverShade</createdBy>
<createdTime>2020-04-04 00:41:45 UTC</createdTime>
<ownerDesignName>Modelo Lógico E-Commerce</ownerDesignName>
<engineerTo>
<item key="62613AD8-FF0C-BFCD-BF97-9F7AE4F10EA9" value="true"/>
</engineerTo>
<adequatelyNormalized>NO</adequatelyNormalized>
<expectedVolumes>0</expectedVolumes>
<fwdEngineeringStrategyName>Single Table</fwdEngineeringStrategyName>
<growthPercent>0</growthPercent>
<growthType>Year</growthType>
<maxVolumes>9999999</maxVolumes>
<minVolumes>0</minVolumes>
<normalForm>Third</normalForm>
<attributes itemClass="oracle.dbtools.crest.model.design.logical.Attribute">
<Attribute name="id_estoque" id="486AE80A-0511-0A16-DF12-5D963797FCBF">
<createdBy>OverShade</createdBy>
<createdTime>2020-05-07 19:24:39 UTC</createdTime>
<ownerDesignName>Modelo Lógico E-Commerce</ownerDesignName>
<engineerTo>
<item key="62613AD8-FF0C-BFCD-BF97-9F7AE4F10EA9" value="true"/>
</engineerTo>
<use>0</use>
<ownDataTypeParameters>,,</ownDataTypeParameters>
</Attribute>
<Attribute name="cep_estoque" id="12A9EF36-44DE-EF8E-DED8-67E8659AE146">
<createdBy>OverShade</createdBy>
<createdTime>2020-04-15 00:47:41 UTC</createdTime>
<ownerDesignName>Modelo Lógico E-Commerce</ownerDesignName>
<engineerTo>
<item key="62613AD8-FF0C-BFCD-BF97-9F7AE4F10EA9" value="true"/>
</engineerTo>
<use>0</use>
<ownDataTypeParameters>,,</ownDataTypeParameters>
</Attribute>
<Attribute name="identificacao" id="66A774D5-219C-B84D-8F99-8B0C09BFB552">
<createdBy>OverShade</createdBy>
<createdTime>2020-04-09 23:52:45 UTC</createdTime>
<ownerDesignName>Modelo Lógico E-Commerce</ownerDesignName>
<engineerTo>
<item key="62613AD8-FF0C-BFCD-BF97-9F7AE4F10EA9" value="true"/>
</engineerTo>
<use>0</use>
<ownDataTypeParameters>,,</ownDataTypeParameters>
</Attribute>
</attributes>
<identifiers itemClass="oracle.dbtools.crest.model.design.logical.CandidateKey">
<identifier id="35624A2E-FB04-EEFC-932F-C0E5871D31BC" name="Estoque PK">
<createdBy>OverShade</createdBy>
<createdTime>2020-04-15 00:43:45 UTC</createdTime>
<ownerDesignName>Modelo Lógico E-Commerce</ownerDesignName>
<engineerTo>
<item key="62613AD8-FF0C-BFCD-BF97-9F7AE4F10EA9" value="true"/>
</engineerTo>
<pk>true</pk>
<usedAttributes>
<attributeRef>12A9EF36-44DE-EF8E-DED8-67E8659AE146</attributeRef>
</usedAttributes>
</identifier>
<identifier id="ACC1F284-7108-F61C-1E0C-7196757574C0" name="Identificação">
<createdBy>OverShade</createdBy>
<createdTime>2020-05-06 01:07:45 UTC</createdTime>
<ownerDesignName>Modelo Lógico E-Commerce</ownerDesignName>
<engineerTo>
<item key="62613AD8-FF0C-BFCD-BF97-9F7AE4F10EA9" value="true"/>
</engineerTo>
<newElementsIDs>66A774D5-219C-B84D-8F99-8B0C09BFB552</newElementsIDs>
<usedAttributes>
<attributeRef>66A774D5-219C-B84D-8F99-8B0C09BFB552</attributeRef>
</usedAttributes>
</identifier>
<identifier id="6E29519A-A0E3-03FF-B87C-A009C3E332F9" name="id_estoque">
<createdBy>OverShade</createdBy>
<createdTime>2020-05-07 19:24:46 UTC</createdTime>
<ownerDesignName>Modelo Lógico E-Commerce</ownerDesignName>
<engineerTo>
<item key="62613AD8-FF0C-BFCD-BF97-9F7AE4F10EA9" value="true"/>
</engineerTo>
<newElementsIDs>486AE80A-0511-0A16-DF12-5D963797FCBF</newElementsIDs>
<usedAttributes>
<attributeRef>486AE80A-0511-0A16-DF12-5D963797FCBF</attributeRef>
</usedAttributes>
</identifier>
</identifiers>
</Entity>