<?xml version = '1.0' encoding = 'UTF-8'?>
<Entity class="oracle.dbtools.crest.model.design.logical.Entity" directorySegmentName="seg_0" id="5D673A9E-7177-C7EC-2AE9-477CC9082D4F" name="Atendimento">
<createdBy>OverShade</createdBy>
<createdTime>2020-04-04 00:41:02 UTC</createdTime>
<ownerDesignName>Modelo Lógico E-Commerce</ownerDesignName>
<engineerTo>
<item key="62613AD8-FF0C-BFCD-BF97-9F7AE4F10EA9" value="true"/>
</engineerTo>
<adequatelyNormalized>NO</adequatelyNormalized>
<expectedVolumes>0</expectedVolumes>
<fwdEngineeringStrategyName>Single Table</fwdEngineeringStrategyName>
<growthPercent>0</growthPercent>
<growthType>Year</growthType>
<maxVolumes>9999999</maxVolumes>
<minVolumes>0</minVolumes>
<normalForm>Third</normalForm>
<attributes itemClass="oracle.dbtools.crest.model.design.logical.Attribute">
<Attribute name="numero_da_matricula" id="A13736A7-376E-C87B-F6B9-4624E3AEFB50">
<createdBy>OverShade</createdBy>
<createdTime>2020-04-09 23:47:04 UTC</createdTime>
<generatorID>7E9D4E83-F252-D354-3B85-EAEFEB0793F6</generatorID>
<ownerDesignName>Modelo Lógico E-Commerce</ownerDesignName>
<engineerTo>
<item key="62613AD8-FF0C-BFCD-BF97-9F7AE4F10EA9" value="true"/>
</engineerTo>
<referedAttribute>82546743-DA1D-6214-A312-3BB0076622D2</referedAttribute>
<use>0</use>
<ownDataTypeParameters>,,</ownDataTypeParameters>
</Attribute>
<Attribute name="numero_do_protocolo" id="EE10A464-2C38-397F-D918-92BA4011219E">
<createdBy>OverShade</createdBy>
<createdTime>2020-04-09 23:55:15 UTC</createdTime>
<ownerDesignName>Modelo Lógico E-Commerce</ownerDesignName>
<engineerTo>
<item key="62613AD8-FF0C-BFCD-BF97-9F7AE4F10EA9" value="true"/>
</engineerTo>
<use>0</use>
<ownDataTypeParameters>,,</ownDataTypeParameters>
</Attribute>
<Attribute name="data_do_atendimento" id="D74B1707-DEB9-3FDF-12D7-AF83AA52D193">
<createdBy>OverShade</createdBy>
<createdTime>2020-04-09 23:55:28 UTC</createdTime>
<ownerDesignName>Modelo Lógico E-Commerce</ownerDesignName>
<engineerTo>
<item key="62613AD8-FF0C-BFCD-BF97-9F7AE4F10EA9" value="true"/>
</engineerTo>
<useDomainConstraints>false</useDomainConstraints>
<use>1</use>
<logicalDatatype>LOGDT015</logicalDatatype>
<ownDataTypeParameters>,,</ownDataTypeParameters>
</Attribute>
<Attribute name="nota_do_atendimento" id="280EBDEB-0774-D913-A6EA-87D651D274EE">
<createdBy>OverShade</createdBy>
<createdTime>2020-04-13 16:44:13 UTC</createdTime>
<ownerDesignName>Modelo Lógico E-Commerce</ownerDesignName>
<engineerTo>
<item key="62613AD8-FF0C-BFCD-BF97-9F7AE4F10EA9" value="true"/>
</engineerTo>
<nullsAllowed>true</nullsAllowed>
<use>0</use>
<ownDataTypeParameters>,,</ownDataTypeParameters>
</Attribute>
<Attribute name="login" id="29046F7B-F704-4EDF-63BD-F0135B74EECA">
<createdBy>OverShade</createdBy>
<createdTime>2020-04-30 23:00:08 UTC</createdTime>
<generatorID>E04475E8-2269-1D53-19E7-67B8DB97D0C7</generatorID>
<ownerDesignName>Modelo Lógico E-Commerce</ownerDesignName>
<engineerTo>
<item key="62613AD8-FF0C-BFCD-BF97-9F7AE4F10EA9" value="true"/>
</engineerTo>
<referedAttribute>27A8F64E-2CC6-DEB5-5716-3C37524D48B0</referedAttribute>
<useDomainConstraints>false</useDomainConstraints>
<use>1</use>
<logicalDatatype>LOGDT024</logicalDatatype>
<ownDataTypeParameters>,,</ownDataTypeParameters>
</Attribute>
</attributes>
<identifiers itemClass="oracle.dbtools.crest.model.design.logical.CandidateKey">
<identifier id="95C97520-EF1B-A176-DA10-B50DA6DB9904" name="Atendimento PK">
<createdBy>OverShade</createdBy>
<createdTime>2020-04-13 16:38:10 UTC</createdTime>
<ownerDesignName>Modelo Lógico E-Commerce</ownerDesignName>
<engineerTo>
<item key="62613AD8-FF0C-BFCD-BF97-9F7AE4F10EA9" value="true"/>
</engineerTo>
<pk>true</pk>
<usedAttributes>
<attributeRef>EE10A464-2C38-397F-D918-92BA4011219E</attributeRef>
</usedAttributes>
</identifier>
</identifiers>
</Entity>