<?xml version = '1.0' encoding = 'UTF-8'?>
<Entity class="oracle.dbtools.crest.model.design.logical.Entity" directorySegmentName="seg_0" id="A8403F4F-F98E-5AA4-790F-49BE70B4D7E9" name="Produto_estoque">
<createdBy>OverShade</createdBy>
<createdTime>2020-04-04 00:41:36 UTC</createdTime>
<ownerDesignName>Modelo Lógico E-Commerce</ownerDesignName>
<engineerTo>
<item key="62613AD8-FF0C-BFCD-BF97-9F7AE4F10EA9" value="true"/>
</engineerTo>
<adequatelyNormalized>NO</adequatelyNormalized>
<expectedVolumes>0</expectedVolumes>
<fwdEngineeringStrategyName>Single Table</fwdEngineeringStrategyName>
<growthPercent>0</growthPercent>
<growthType>Year</growthType>
<maxVolumes>9999999</maxVolumes>
<minVolumes>0</minVolumes>
<normalForm>Third</normalForm>
<attributes itemClass="oracle.dbtools.crest.model.design.logical.Attribute">
<Attribute name="id_produto_estoque" id="B7462A03-F9B8-F149-1D3F-7D3AC11B43CD">
<createdBy>OverShade</createdBy>
<createdTime>2020-04-28 18:09:12 UTC</createdTime>
<ownerDesignName>Modelo Lógico E-Commerce</ownerDesignName>
<engineerTo>
<item key="62613AD8-FF0C-BFCD-BF97-9F7AE4F10EA9" value="true"/>
</engineerTo>
<use>0</use>
<ownDataTypeParameters>,,</ownDataTypeParameters>
</Attribute>
<Attribute name="codigo_do_produto" id="D2B29844-B5B3-74FF-B1BA-A2851E3D6310">
<createdBy>OverShade</createdBy>
<createdTime>2020-04-13 16:38:29 UTC</createdTime>
<generatorID>9C3649A1-4F7D-1C96-22DE-C5AB4C5AB56D</generatorID>
<ownerDesignName>Modelo Lógico E-Commerce</ownerDesignName>
<engineerTo>
<item key="62613AD8-FF0C-BFCD-BF97-9F7AE4F10EA9" value="true"/>
</engineerTo>
<referedAttribute>3379CE07-9086-8377-A1B8-4B90398719AE</referedAttribute>
<use>0</use>
<ownDataTypeParameters>,,</ownDataTypeParameters>
</Attribute>
<Attribute name="quantidade_produto_estoque" id="BB322949-F34B-AA61-1246-DDD4E229E65A">
<createdBy>OverShade</createdBy>
<createdTime>2020-04-13 16:42:21 UTC</createdTime>
<ownerDesignName>Modelo Lógico E-Commerce</ownerDesignName>
<engineerTo>
<item key="62613AD8-FF0C-BFCD-BF97-9F7AE4F10EA9" value="true"/>
</engineerTo>
<use>0</use>
<ownDataTypeParameters>,,</ownDataTypeParameters>
</Attribute>
<Attribute name="cep_estoque" id="2EE6D787-B851-E2F0-F35E-A33823768A35">
<createdBy>OverShade</createdBy>
<createdTime>2020-04-15 00:47:46 UTC</createdTime>
<generatorID>5F68FEE1-E6BF-C82D-5D30-79613750516F</generatorID>
<ownerDesignName>Modelo Lógico E-Commerce</ownerDesignName>
<engineerTo>
<item key="62613AD8-FF0C-BFCD-BF97-9F7AE4F10EA9" value="true"/>
</engineerTo>
<referedAttribute>12A9EF36-44DE-EF8E-DED8-67E8659AE146</referedAttribute>
<use>0</use>
<ownDataTypeParameters>,,</ownDataTypeParameters>
</Attribute>
</attributes>
<identifiers itemClass="oracle.dbtools.crest.model.design.logical.CandidateKey">
<identifier id="990FDA60-A727-A23E-D7FA-F9AC3E341A2D" name="Produto_Estoque PK">
<createdBy>OverShade</createdBy>
<createdTime>2020-04-28 18:09:19 UTC</createdTime>
<ownerDesignName>Modelo Lógico E-Commerce</ownerDesignName>
<engineerTo>
<item key="62613AD8-FF0C-BFCD-BF97-9F7AE4F10EA9" value="true"/>
</engineerTo>
<pk>true</pk>
<usedAttributes>
<attributeRef>B7462A03-F9B8-F149-1D3F-7D3AC11B43CD</attributeRef>
</usedAttributes>
</identifier>
</identifiers>
</Entity>