<?xml version = '1.0' encoding = 'UTF-8'?>
<Entity class="oracle.dbtools.crest.model.design.logical.Entity" directorySegmentName="seg_0" id="BFFAFAC8-C1F9-DE1C-F5F2-E2DCABEEAC9A" name="Compra_produto">
<createdBy>OverShade</createdBy>
<createdTime>2020-05-06 01:14:35 UTC</createdTime>
<ownerDesignName>Modelo Lógico E-Commerce</ownerDesignName>
<engineerTo>
<item key="62613AD8-FF0C-BFCD-BF97-9F7AE4F10EA9" value="true"/>
</engineerTo>
<adequatelyNormalized>NO</adequatelyNormalized>
<expectedVolumes>0</expectedVolumes>
<fwdEngineeringStrategyName>Single Table</fwdEngineeringStrategyName>
<growthPercent>0</growthPercent>
<growthType>Year</growthType>
<maxVolumes>9999999</maxVolumes>
<minVolumes>0</minVolumes>
<normalForm>Third</normalForm>
<attributes itemClass="oracle.dbtools.crest.model.design.logical.Attribute">
<Attribute name="id_compra_produto" id="9C9860A1-4D00-32DA-B4AF-A818BA8034E8">
<createdBy>OverShade</createdBy>
<createdTime>2020-05-06 01:19:34 UTC</createdTime>
<ownerDesignName>Modelo Lógico E-Commerce</ownerDesignName>
<engineerTo>
<item key="62613AD8-FF0C-BFCD-BF97-9F7AE4F10EA9" value="true"/>
</engineerTo>
<use>0</use>
<ownDataTypeParameters>,,</ownDataTypeParameters>
</Attribute>
<Attribute name="quantidade_compra_produto" id="645F8386-7C5E-9749-0786-7DB96C088CD3">
<createdBy>OverShade</createdBy>
<createdTime>2020-05-06 01:20:37 UTC</createdTime>
<ownerDesignName>Modelo Lógico E-Commerce</ownerDesignName>
<engineerTo>
<item key="62613AD8-FF0C-BFCD-BF97-9F7AE4F10EA9" value="true"/>
</engineerTo>
<nullsAllowed>true</nullsAllowed>
<use>0</use>
<ownDataTypeParameters>,,</ownDataTypeParameters>
</Attribute>
<Attribute name="id_compra" id="9CCCA2DC-8E66-50C8-DB9B-6901F5133CE5">
<createdBy>OverShade</createdBy>
<createdTime>2020-05-06 01:17:28 UTC</createdTime>
<generatorID>7F5F73F9-68C8-AE14-F92A-A020C9C2AF8C</generatorID>
<ownerDesignName>Modelo Lógico E-Commerce</ownerDesignName>
<engineerTo>
<item key="62613AD8-FF0C-BFCD-BF97-9F7AE4F10EA9" value="true"/>
</engineerTo>
<referedAttribute>3D618CF0-65E7-9574-5562-00FE80FDDB7F</referedAttribute>
<useDomainConstraints>false</useDomainConstraints>
<use>1</use>
<logicalDatatype>LOGDT019</logicalDatatype>
<ownDataTypeParameters>,,</ownDataTypeParameters>
</Attribute>
<Attribute name="codigo_do_produto" id="E70731F6-F283-1A85-86CF-4EF95D880C9D">
<createdBy>OverShade</createdBy>
<createdTime>2020-05-06 01:18:19 UTC</createdTime>
<generatorID>8D8B3B57-0182-D95D-337A-6E37F8DF56A6</generatorID>
<ownerDesignName>Modelo Lógico E-Commerce</ownerDesignName>
<engineerTo>
<item key="62613AD8-FF0C-BFCD-BF97-9F7AE4F10EA9" value="true"/>
</engineerTo>
<referedAttribute>3379CE07-9086-8377-A1B8-4B90398719AE</referedAttribute>
<use>0</use>
<ownDataTypeParameters>,,</ownDataTypeParameters>
</Attribute>
</attributes>
<identifiers itemClass="oracle.dbtools.crest.model.design.logical.CandidateKey">
<identifier id="BD6C4306-1DF1-1D7F-60DB-70783117C3A1" name="Compra_Produto PK">
<createdBy>OverShade</createdBy>
<createdTime>2020-05-06 01:19:52 UTC</createdTime>
<ownerDesignName>Modelo Lógico E-Commerce</ownerDesignName>
<engineerTo>
<item key="62613AD8-FF0C-BFCD-BF97-9F7AE4F10EA9" value="true"/>
</engineerTo>
<pk>true</pk>
<usedAttributes>
<attributeRef>9C9860A1-4D00-32DA-B4AF-A818BA8034E8</attributeRef>
</usedAttributes>
</identifier>
</identifiers>
</Entity>