<?xml version = '1.0' encoding = 'UTF-8'?>
<Entity class="oracle.dbtools.crest.model.design.logical.Entity" directorySegmentName="seg_0" id="D1DA69D6-BF2E-4634-CB4C-3DA5335E020A" name="Venda">
<createdBy>OverShade</createdBy>
<createdTime>2020-04-04 00:41:18 UTC</createdTime>
<ownerDesignName>Modelo Lógico E-Commerce</ownerDesignName>
<engineerTo>
<item key="62613AD8-FF0C-BFCD-BF97-9F7AE4F10EA9" value="true"/>
</engineerTo>
<adequatelyNormalized>NO</adequatelyNormalized>
<expectedVolumes>0</expectedVolumes>
<fwdEngineeringStrategyName>Single Table</fwdEngineeringStrategyName>
<growthPercent>0</growthPercent>
<growthType>Year</growthType>
<maxVolumes>9999999</maxVolumes>
<minVolumes>0</minVolumes>
<normalForm>Third</normalForm>
<attributes itemClass="oracle.dbtools.crest.model.design.logical.Attribute">
<Attribute name="numero_da_venda" id="67838D73-DCBE-F5F4-E7B4-EE1CBAEF6B90">
<createdBy>OverShade</createdBy>
<createdTime>2020-04-09 23:57:33 UTC</createdTime>
<ownerDesignName>Modelo Lógico E-Commerce</ownerDesignName>
<engineerTo>
<item key="62613AD8-FF0C-BFCD-BF97-9F7AE4F10EA9" value="true"/>
</engineerTo>
<use>0</use>
<ownDataTypeParameters>,,</ownDataTypeParameters>
</Attribute>
<Attribute name="cnpj_da_transportadora" id="DEAB6C38-64A0-3AEA-1A19-BC9B8B8990B7">
<createdBy>OverShade</createdBy>
<createdTime>2020-04-13 16:38:50 UTC</createdTime>
<generatorID>E6E40244-E1B7-89E9-6CCF-6E1B9D2C8FEF</generatorID>
<ownerDesignName>Modelo Lógico E-Commerce</ownerDesignName>
<engineerTo>
<item key="62613AD8-FF0C-BFCD-BF97-9F7AE4F10EA9" value="true"/>
</engineerTo>
<referedAttribute>1DE00E30-9810-C209-0F33-26A64517F87B</referedAttribute>
<use>0</use>
<ownDataTypeParameters>,,</ownDataTypeParameters>
</Attribute>
<Attribute name="valor_da_venda" id="D850547F-4F3F-7666-6165-F9498A4154FC">
<createdBy>OverShade</createdBy>
<createdTime>2020-04-13 16:43:46 UTC</createdTime>
<ownerDesignName>Modelo Lógico E-Commerce</ownerDesignName>
<engineerTo>
<item key="62613AD8-FF0C-BFCD-BF97-9F7AE4F10EA9" value="true"/>
</engineerTo>
<use>0</use>
<ownDataTypeParameters>,,</ownDataTypeParameters>
</Attribute>
<Attribute name="data_da_venda" id="A3B7FF33-E63C-81E9-4743-88F81FCF93DB">
<createdBy>OverShade</createdBy>
<createdTime>2020-04-30 22:52:39 UTC</createdTime>
<ownerDesignName>Modelo Lógico E-Commerce</ownerDesignName>
<engineerTo>
<item key="62613AD8-FF0C-BFCD-BF97-9F7AE4F10EA9" value="true"/>
</engineerTo>
<use>0</use>
<ownDataTypeParameters>,,</ownDataTypeParameters>
</Attribute>
<Attribute name="login" id="085DD0D5-09D6-8ECD-5CA3-36650F3A8FA1">
<createdBy>OverShade</createdBy>
<createdTime>2020-04-30 23:00:08 UTC</createdTime>
<generatorID>8A474F5B-5112-12AC-513C-F1FAF3ACCDF9</generatorID>
<ownerDesignName>Modelo Lógico E-Commerce</ownerDesignName>
<engineerTo>
<item key="62613AD8-FF0C-BFCD-BF97-9F7AE4F10EA9" value="true"/>
</engineerTo>
<referedAttribute>27A8F64E-2CC6-DEB5-5716-3C37524D48B0</referedAttribute>
<useDomainConstraints>false</useDomainConstraints>
<use>1</use>
<logicalDatatype>LOGDT024</logicalDatatype>
<ownDataTypeParameters>,,</ownDataTypeParameters>
</Attribute>
</attributes>
<identifiers itemClass="oracle.dbtools.crest.model.design.logical.CandidateKey">
<identifier id="214D1349-5B24-82D3-69E3-F1698BA6ECF1" name="Venda PK">
<createdBy>OverShade</createdBy>
<createdTime>2020-04-23 16:58:18 UTC</createdTime>
<ownerDesignName>Modelo Lógico E-Commerce</ownerDesignName>
<engineerTo>
<item key="62613AD8-FF0C-BFCD-BF97-9F7AE4F10EA9" value="true"/>
</engineerTo>
<pk>true</pk>
<usedAttributes>
<attributeRef>67838D73-DCBE-F5F4-E7B4-EE1CBAEF6B90</attributeRef>
</usedAttributes>
</identifier>
</identifiers>
</Entity>