<?xml version = '1.0' encoding = 'UTF-8'?>
<Relation class="oracle.dbtools.crest.model.design.logical.Relation" name="produtos_carrinho" directorySegmentName="seg_0" id="0DA5F42D-047A-D94E-5B3D-7B460A5C1A6C">
<createdBy>OverShade</createdBy>
<createdTime>2020-04-04 00:47:05 UTC</createdTime>
<ownerDesignName>Modelo Lógico E-Commerce</ownerDesignName>
<engineerTo>
<item key="62613AD8-FF0C-BFCD-BF97-9F7AE4F10EA9" value="true"/>
</engineerTo>
<sourcePk>538632F6-035E-B345-DC44-B3128CBCD8E3</sourcePk>
<identifying>false</identifying>
<optionalSource>true</optionalSource>
<optionalTarget>false</optionalTarget>
<sourceCardinality>1</sourceCardinality>
<sourceEntity>7012E2F0-BFB1-5EFB-ABDD-C43D8FD0F354</sourceEntity>
<targetCardinalityString>*</targetCardinalityString>
<targetEntity>D1569A2E-4A0D-0A09-74A0-B2731842BFD0</targetEntity>
<transferable>true</transferable>
<deleteRule>NO ACTION</deleteRule>
</Relation>