<?xml version = '1.0' encoding = 'UTF-8'?>
<Relation class="oracle.dbtools.crest.model.design.logical.Relation" name="Fornecedor_Produto" directorySegmentName="seg_0" id="3887C972-F72B-721C-2A93-8D6C8A6B9B56">
<createdBy>OverShade</createdBy>
<createdTime>2020-05-05 18:02:39 UTC</createdTime>
<ownerDesignName>Modelo Lógico E-Commerce</ownerDesignName>
<engineerTo>
<item key="62613AD8-FF0C-BFCD-BF97-9F7AE4F10EA9" value="true"/>
</engineerTo>
<sourcePk>98C4BD58-9D08-4277-2836-3C8D6076930B</sourcePk>
<identifying>false</identifying>
<optionalSource>true</optionalSource>
<optionalTarget>false</optionalTarget>
<sourceCardinality>1</sourceCardinality>
<sourceEntity>65809D5E-A7AA-520E-8694-8DA8906B769D</sourceEntity>
<targetCardinalityString>*</targetCardinalityString>
<targetEntity>7012E2F0-BFB1-5EFB-ABDD-C43D8FD0F354</targetEntity>
<transferable>true</transferable>
<deleteRule>NO ACTION</deleteRule>
</Relation>