<?xml version = '1.0' encoding = 'UTF-8'?>
<Relation class="oracle.dbtools.crest.model.design.logical.Relation" name="venda_carrinho" directorySegmentName="seg_0" id="73C86F23-DBD3-2041-1DA8-2602420A5FFF">
<createdBy>OverShade</createdBy>
<createdTime>2020-04-04 00:46:12 UTC</createdTime>
<ownerDesignName>Modelo Lógico E-Commerce</ownerDesignName>
<engineerTo>
<item key="62613AD8-FF0C-BFCD-BF97-9F7AE4F10EA9" value="true"/>
</engineerTo>
<sourcePk>214D1349-5B24-82D3-69E3-F1698BA6ECF1</sourcePk>
<targetPk>094ACE44-B8CC-596F-1C06-6AB5CCC4A8FF</targetPk>
<identifying>false</identifying>
<optionalSource>false</optionalSource>
<optionalTarget>false</optionalTarget>
<sourceCardinality>1</sourceCardinality>
<sourceEntity>D1DA69D6-BF2E-4634-CB4C-3DA5335E020A</sourceEntity>
<targetCardinalityString>*</targetCardinalityString>
<targetEntity>D1569A2E-4A0D-0A09-74A0-B2731842BFD0</targetEntity>
<transferable>true</transferable>
<deleteRule>NO ACTION</deleteRule>
</Relation>