<?xml version = '1.0' encoding = 'UTF-8'?>
<Relation class="oracle.dbtools.crest.model.design.logical.Relation" name="cliente_venda" directorySegmentName="seg_0" id="8A474F5B-5112-12AC-513C-F1FAF3ACCDF9">
<createdBy>OverShade</createdBy>
<createdTime>2020-04-04 00:44:06 UTC</createdTime>
<ownerDesignName>Modelo Lógico E-Commerce</ownerDesignName>
<engineerTo>
<item key="62613AD8-FF0C-BFCD-BF97-9F7AE4F10EA9" value="true"/>
</engineerTo>
<sourcePk>3AD48CD3-19BF-ADEF-BCB3-9E98E4F97E73</sourcePk>
<identifying>false</identifying>
<optionalSource>true</optionalSource>
<optionalTarget>false</optionalTarget>
<sourceCardinality>1</sourceCardinality>
<sourceEntity>0864B7B5-E914-5C58-1320-0842F9D384A4</sourceEntity>
<targetCardinalityString>*</targetCardinalityString>
<targetEntity>D1DA69D6-BF2E-4634-CB4C-3DA5335E020A</targetEntity>
<transferable>true</transferable>
<deleteRule>NO ACTION</deleteRule>
</Relation>