<?xml version = '1.0' encoding = 'UTF-8'?>
<Relation class="oracle.dbtools.crest.model.design.logical.Relation" name="Relation_17" directorySegmentName="seg_0" id="8D8B3B57-0182-D95D-337A-6E37F8DF56A6">
<createdBy>OverShade</createdBy>
<createdTime>2020-05-06 01:18:19 UTC</createdTime>
<ownerDesignName>Modelo Lógico E-Commerce</ownerDesignName>
<engineerTo>
<item key="62613AD8-FF0C-BFCD-BF97-9F7AE4F10EA9" value="true"/>
</engineerTo>
<sourcePk>538632F6-035E-B345-DC44-B3128CBCD8E3</sourcePk>
<identifying>false</identifying>
<optionalSource>false</optionalSource>
<optionalTarget>false</optionalTarget>
<sourceCardinality>1</sourceCardinality>
<sourceEntity>7012E2F0-BFB1-5EFB-ABDD-C43D8FD0F354</sourceEntity>
<targetCardinalityString>*</targetCardinalityString>
<targetEntity>BFFAFAC8-C1F9-DE1C-F5F2-E2DCABEEAC9A</targetEntity>
<transferable>true</transferable>
<deleteRule>NO ACTION</deleteRule>
</Relation>