<?xml version = '1.0' encoding = 'UTF-8'?>
<Relation class="oracle.dbtools.crest.model.design.logical.Relation" name="endereço_cliente" directorySegmentName="seg_0" id="D2505880-8C99-B910-99B4-2DE5BEE3B231">
<createdBy>OverShade</createdBy>
<createdTime>2020-05-06 01:00:21 UTC</createdTime>
<ownerDesignName>Modelo Lógico E-Commerce</ownerDesignName>
<engineerTo>
<item key="62613AD8-FF0C-BFCD-BF97-9F7AE4F10EA9" value="true"/>
</engineerTo>
<sourcePk>60599E34-58CD-21D6-326B-D2F0B4DB9546</sourcePk>
<targetPk>3AD48CD3-19BF-ADEF-BCB3-9E98E4F97E73</targetPk>
<identifying>false</identifying>
<optionalSource>false</optionalSource>
<optionalTarget>false</optionalTarget>
<sourceCardinality>1</sourceCardinality>
<sourceEntity>29C3C4F9-08BA-EB24-FA52-7F75A242CE2D</sourceEntity>
<targetCardinalityString>1</targetCardinalityString>
<targetEntity>0864B7B5-E914-5C58-1320-0842F9D384A4</targetEntity>
<transferable>true</transferable>
<deleteRule>NO ACTION</deleteRule>
</Relation>