<?xml version = '1.0' encoding = 'UTF-8'?>
<Relation class="oracle.dbtools.crest.model.design.logical.Relation" name="Relation_4" directorySegmentName="seg_0" id="E04475E8-2269-1D53-19E7-67B8DB97D0C7">
<createdBy>OverShade</createdBy>
<createdTime>2020-04-04 00:44:40 UTC</createdTime>
<ownerDesignName>Modelo Lógico E-Commerce</ownerDesignName>
<engineerTo>
<item key="62613AD8-FF0C-BFCD-BF97-9F7AE4F10EA9" value="true"/>
</engineerTo>
<sourcePk>3AD48CD3-19BF-ADEF-BCB3-9E98E4F97E73</sourcePk>
<identifying>false</identifying>
<optionalSource>true</optionalSource>
<optionalTarget>false</optionalTarget>
<sourceCardinality>1</sourceCardinality>
<sourceEntity>0864B7B5-E914-5C58-1320-0842F9D384A4</sourceEntity>
<targetCardinalityString>*</targetCardinalityString>
<targetEntity>5D673A9E-7177-C7EC-2AE9-477CC9082D4F</targetEntity>
<transferable>true</transferable>
<deleteRule>NO ACTION</deleteRule>
</Relation>