<?xml version = '1.0' encoding = 'UTF-8'?>
<Relation class="oracle.dbtools.crest.model.design.logical.Relation" name="atendente_compra" directorySegmentName="seg_0" id="FADE3380-13D7-2457-6730-4E74D849641C">
<createdBy>OverShade</createdBy>
<createdTime>2020-05-06 01:12:25 UTC</createdTime>
<ownerDesignName>Modelo Lógico E-Commerce</ownerDesignName>
<engineerTo>
<item key="62613AD8-FF0C-BFCD-BF97-9F7AE4F10EA9" value="true"/>
</engineerTo>
<sourcePk>7EB6D474-9513-5192-D981-7FF74826C569</sourcePk>
<identifying>false</identifying>
<optionalSource>true</optionalSource>
<optionalTarget>false</optionalTarget>
<sourceCardinality>1</sourceCardinality>
<sourceEntity>1A042F2A-5E35-32E2-3848-D6C9733EB211</sourceEntity>
<targetCardinalityString>*</targetCardinalityString>
<targetEntity>923292B8-108B-1B42-D30B-9AC3E85B1E20</targetEntity>
<transferable>true</transferable>
<deleteRule>NO ACTION</deleteRule>
</Relation>