<?xml version = '1.0' encoding = 'UTF-8'?>
<Table class="oracle.dbtools.crest.model.design.relational.Table" directorySegmentName="seg_0" id="380D73C0-EFAB-F086-2250-EA3D91850D49" name="Produtos">
<createdBy>OverShade</createdBy>
<createdTime>2020-05-07 18:40:49 UTC</createdTime>
<ownerDesignName>Modelo Lógico E-Commerce</ownerDesignName>
<ordsAlias>table_12</ordsAlias>
<allowColumnReorder>false</allowColumnReorder>
<existDependencyGenerateInDDl>true</existDependencyGenerateInDDl>
<parsed>true</parsed>
<columns itemClass="oracle.dbtools.crest.model.design.relational.Column">
<Column name="id_produto" id="FFA1009C-BF70-C1A7-54F6-C801F8E8DFC4">
<createdBy>OverShade</createdBy>
<createdTime>2020-05-07 18:44:56 UTC</createdTime>
<ownerDesignName>Modelo Lógico E-Commerce</ownerDesignName>
<useDomainConstraints>false</useDomainConstraints>
<use>1</use>
<logicalDatatype>LOGDT011</logicalDatatype>
<ownDataTypeParameters>,,</ownDataTypeParameters>
<autoIncrementCycle>false</autoIncrementCycle>
</Column>
<Column name="codigo_do_produto" id="941D8E87-A632-C307-9D72-052F3ECD933C">
<createdBy>OverShade</createdBy>
<createdTime>2020-05-07 18:44:50 UTC</createdTime>
<ownerDesignName>Modelo Lógico E-Commerce</ownerDesignName>
<useDomainConstraints>false</useDomainConstraints>
<use>1</use>
<logicalDatatype>LOGDT024</logicalDatatype>
<ownDataTypeParameters>,,</ownDataTypeParameters>
<autoIncrementCycle>false</autoIncrementCycle>
</Column>
<Column name="nome_do_produto" id="19FDDAB1-C689-A63F-2A2D-0EF4E11F20C9">
<createdBy>OverShade</createdBy>
<createdTime>2020-05-07 18:45:07 UTC</createdTime>
<ownerDesignName>Modelo Lógico E-Commerce</ownerDesignName>
<useDomainConstraints>false</useDomainConstraints>
<use>1</use>
<logicalDatatype>LOGDT024</logicalDatatype>
<ownDataTypeParameters>,,</ownDataTypeParameters>
<autoIncrementCycle>false</autoIncrementCycle>
</Column>
<Column name="categoria" id="C00DEA51-C7F0-DDDE-4765-6388B142505B">
<createdBy>OverShade</createdBy>
<createdTime>2020-05-07 18:45:13 UTC</createdTime>
<ownerDesignName>Modelo Lógico E-Commerce</ownerDesignName>
<nullsAllowed>true</nullsAllowed>
<useDomainConstraints>false</useDomainConstraints>
<use>1</use>
<logicalDatatype>LOGDT024</logicalDatatype>
<ownDataTypeParameters>,,</ownDataTypeParameters>
<autoIncrementCycle>false</autoIncrementCycle>
</Column>
<Column name="marca" id="8EB75074-75E8-E7B2-7C00-7C4D0ED2D693">
<createdBy>OverShade</createdBy>
<createdTime>2020-05-07 18:45:18 UTC</createdTime>
<ownerDesignName>Modelo Lógico E-Commerce</ownerDesignName>
<useDomainConstraints>false</useDomainConstraints>
<use>1</use>
<logicalDatatype>LOGDT024</logicalDatatype>
<ownDataTypeParameters>,,</ownDataTypeParameters>
<autoIncrementCycle>false</autoIncrementCycle>
</Column>
<Column name="modelo" id="A3F919AD-9747-AF30-61A0-5088DE559E7B">
<createdBy>OverShade</createdBy>
<createdTime>2020-05-07 18:45:21 UTC</createdTime>
<ownerDesignName>Modelo Lógico E-Commerce</ownerDesignName>
<useDomainConstraints>false</useDomainConstraints>
<use>1</use>
<logicalDatatype>LOGDT024</logicalDatatype>
<ownDataTypeParameters>,,</ownDataTypeParameters>
<autoIncrementCycle>false</autoIncrementCycle>
</Column>
<Column name="quantidade_produto" id="0C03B335-DF5B-FD89-EF05-657A7DFB2539">
<createdBy>OverShade</createdBy>
<createdTime>2020-05-07 18:45:34 UTC</createdTime>
<ownerDesignName>Modelo Lógico E-Commerce</ownerDesignName>
<useDomainConstraints>false</useDomainConstraints>
<use>1</use>
<logicalDatatype>LOGDT011</logicalDatatype>
<ownDataTypeParameters>,,</ownDataTypeParameters>
<autoIncrementCycle>false</autoIncrementCycle>
</Column>
<Column name="preco" id="3BCD1D95-071D-2398-1229-1B30C9E545A1">
<createdBy>OverShade</createdBy>
<createdTime>2020-05-07 18:45:39 UTC</createdTime>
<ownerDesignName>Modelo Lógico E-Commerce</ownerDesignName>
<useDomainConstraints>false</useDomainConstraints>
<use>1</use>
<logicalDatatype>LOGDT043</logicalDatatype>
<ownDataTypeParameters>,,</ownDataTypeParameters>
<autoIncrementCycle>false</autoIncrementCycle>
</Column>
<Column name="forne_id_fornecedor" id="2FCA6DDC-CA16-01BB-371D-211296BA13AA">
<createdBy>OverShade</createdBy>
<createdTime>2020-05-07 19:35:44 UTC</createdTime>
<ownerDesignName>Modelo Lógico E-Commerce</ownerDesignName>
<useDomainConstraints>false</useDomainConstraints>
<use>1</use>
<logicalDatatype>LOGDT011</logicalDatatype>
<ownDataTypeParameters>,,</ownDataTypeParameters>
<previousColumn>false</previousColumn>
<autoIncrementCycle>false</autoIncrementCycle>
<associations>
<colAssociation fkAssociation="499C4EB6-3B04-FF9F-63C4-CCCBDF226C53" referredColumn="1B25CB96-0212-22B6-4BDD-CAC80633739A"/>
</associations>
</Column>
</columns>
<indexes itemClass="oracle.dbtools.crest.model.design.relational.Index">
<ind_PK_UK id="A3C7CC28-DD94-1B8E-C3A2-8C4DCD9C360F" name="prod_PK">
<createdBy>OverShade</createdBy>
<createdTime>2020-05-07 18:44:57 UTC</createdTime>
<ownerDesignName>Modelo Lógico E-Commerce</ownerDesignName>
<pk>true</pk>
<indexState>Primary Constraint</indexState>
<isSurrogateKey>false</isSurrogateKey>
<indexColumnUsage>
<colUsage columnID="FFA1009C-BF70-C1A7-54F6-C801F8E8DFC4"/>
</indexColumnUsage>
</ind_PK_UK>
<ind_PK_UK id="51B66D96-36E0-61EF-27DF-D688B8DCEA88" name="prod_UN">
<createdBy>OverShade</createdBy>
<createdTime>2020-05-07 23:33:26 UTC</createdTime>
<ownerDesignName>Modelo Lógico E-Commerce</ownerDesignName>
<indexState>Unique Constraint</indexState>
<isSurrogateKey>false</isSurrogateKey>
<indexColumnUsage>
<colUsage columnID="941D8E87-A632-C307-9D72-052F3ECD933C"/>
</indexColumnUsage>
</ind_PK_UK>
<ind_PK_UK id="5896C982-9DFA-FA34-0E65-8528E656522B" name="prod_forne_FK">
<createdBy>OverShade</createdBy>
<createdTime>2020-05-07 19:35:44 UTC</createdTime>
<ownerDesignName>Modelo Lógico E-Commerce</ownerDesignName>
<indexState>Foreign Key</indexState>
<isSurrogateKey>false</isSurrogateKey>
<indexColumnUsage>
<colUsage columnID="2FCA6DDC-CA16-01BB-371D-211296BA13AA"/>
</indexColumnUsage>
</ind_PK_UK>
</indexes>
</Table>