<?xml version = '1.0' encoding = 'UTF-8'?>
<Table class="oracle.dbtools.crest.model.design.relational.Table" directorySegmentName="seg_0" id="4C79E188-C67A-A965-086C-443EFCFA2418" name="Estoques">
<createdBy>OverShade</createdBy>
<createdTime>2020-05-07 18:41:43 UTC</createdTime>
<ownerDesignName>Modelo Lógico E-Commerce</ownerDesignName>
<ordsAlias>table_12</ordsAlias>
<allowColumnReorder>false</allowColumnReorder>
<existDependencyGenerateInDDl>true</existDependencyGenerateInDDl>
<parsed>true</parsed>
<columns itemClass="oracle.dbtools.crest.model.design.relational.Column">
<Column name="id_estoque" id="0DDCD3EC-E961-9D03-49CB-4645E4AA3B08">
<createdBy>OverShade</createdBy>
<createdTime>2020-05-07 19:26:46 UTC</createdTime>
<ownerDesignName>Modelo Lógico E-Commerce</ownerDesignName>
<useDomainConstraints>false</useDomainConstraints>
<use>1</use>
<logicalDatatype>LOGDT011</logicalDatatype>
<ownDataTypeParameters>,,</ownDataTypeParameters>
<autoIncrementCycle>false</autoIncrementCycle>
</Column>
<Column name="cep_estoque" id="681AA1A5-9C28-87DA-EECC-1F868048E4AC">
<createdBy>OverShade</createdBy>
<createdTime>2020-05-07 19:27:03 UTC</createdTime>
<ownerDesignName>Modelo Lógico E-Commerce</ownerDesignName>
<useDomainConstraints>false</useDomainConstraints>
<use>1</use>
<logicalDatatype>LOGDT024</logicalDatatype>
<ownDataTypeParameters>,,</ownDataTypeParameters>
<autoIncrementCycle>false</autoIncrementCycle>
</Column>
<Column name="identificacao" id="62769B35-77A6-CC6C-627B-D107B201EFE8">
<createdBy>OverShade</createdBy>
<createdTime>2020-05-07 19:27:23 UTC</createdTime>
<ownerDesignName>Modelo Lógico E-Commerce</ownerDesignName>
<useDomainConstraints>false</useDomainConstraints>
<use>1</use>
<logicalDatatype>LOGDT024</logicalDatatype>
<ownDataTypeParameters>,,</ownDataTypeParameters>
<autoIncrementCycle>false</autoIncrementCycle>
</Column>
</columns>
<indexes itemClass="oracle.dbtools.crest.model.design.relational.Index">
<ind_PK_UK id="16ECC5A9-7D3D-BDEE-4172-F4EF32D2289D" name="esto_PK">
<createdBy>OverShade</createdBy>
<createdTime>2020-05-07 19:26:58 UTC</createdTime>
<ownerDesignName>Modelo Lógico E-Commerce</ownerDesignName>
<pk>true</pk>
<indexState>Primary Constraint</indexState>
<isSurrogateKey>false</isSurrogateKey>
<indexColumnUsage>
<colUsage columnID="0DDCD3EC-E961-9D03-49CB-4645E4AA3B08"/>
</indexColumnUsage>
</ind_PK_UK>
<ind_PK_UK id="82F72A1E-D507-AD54-187D-C00D11E75FCC" name="esto_UN">
<createdBy>OverShade</createdBy>
<createdTime>2020-05-07 23:39:54 UTC</createdTime>
<ownerDesignName>Modelo Lógico E-Commerce</ownerDesignName>
<indexState>Unique Constraint</indexState>
<isSurrogateKey>false</isSurrogateKey>
<indexColumnUsage>
<colUsage columnID="681AA1A5-9C28-87DA-EECC-1F868048E4AC"/>
</indexColumnUsage>
</ind_PK_UK>
</indexes>
</Table>