<?xml version = '1.0' encoding = 'UTF-8'?>
<Table class="oracle.dbtools.crest.model.design.relational.Table" directorySegmentName="seg_0" id="50BDD38C-99A4-24B9-8E59-2EB0AE97F899" name="Transportadoras">
<createdBy>OverShade</createdBy>
<createdTime>2020-05-07 18:41:31 UTC</createdTime>
<ownerDesignName>Modelo Lógico E-Commerce</ownerDesignName>
<ordsAlias>table_12</ordsAlias>
<allowColumnReorder>false</allowColumnReorder>
<existDependencyGenerateInDDl>true</existDependencyGenerateInDDl>
<parsed>true</parsed>
<columns itemClass="oracle.dbtools.crest.model.design.relational.Column">
<Column name="id_transportadora" id="35BB440B-3929-B0A5-AAE0-FDEDDA549DCC">
<createdBy>OverShade</createdBy>
<createdTime>2020-05-07 19:23:04 UTC</createdTime>
<ownerDesignName>Modelo Lógico E-Commerce</ownerDesignName>
<useDomainConstraints>false</useDomainConstraints>
<use>1</use>
<logicalDatatype>LOGDT011</logicalDatatype>
<ownDataTypeParameters>,,</ownDataTypeParameters>
<autoIncrementCycle>false</autoIncrementCycle>
</Column>
<Column name="cnpj_da_transportadora" id="0047DD14-7253-0F0F-C7BA-B67EA0CDD5BA">
<createdBy>OverShade</createdBy>
<createdTime>2020-05-07 19:22:46 UTC</createdTime>
<ownerDesignName>Modelo Lógico E-Commerce</ownerDesignName>
<useDomainConstraints>false</useDomainConstraints>
<use>1</use>
<logicalDatatype>LOGDT024</logicalDatatype>
<ownDataTypeParameters>,,</ownDataTypeParameters>
<autoIncrementCycle>false</autoIncrementCycle>
</Column>
<Column name="nome_da_transportadora" id="A3A1AB73-CDC7-20D9-9084-F0FAD3BF581D">
<createdBy>OverShade</createdBy>
<createdTime>2020-05-07 19:23:20 UTC</createdTime>
<ownerDesignName>Modelo Lógico E-Commerce</ownerDesignName>
<useDomainConstraints>false</useDomainConstraints>
<use>1</use>
<logicalDatatype>LOGDT024</logicalDatatype>
<ownDataTypeParameters>,,</ownDataTypeParameters>
<autoIncrementCycle>false</autoIncrementCycle>
</Column>
<Column name="email_transportadora" id="DA3EFA73-0749-3EDF-E2D1-BED171F0A73F">
<createdBy>OverShade</createdBy>
<createdTime>2020-05-07 19:23:35 UTC</createdTime>
<ownerDesignName>Modelo Lógico E-Commerce</ownerDesignName>
<useDomainConstraints>false</useDomainConstraints>
<use>1</use>
<logicalDatatype>LOGDT024</logicalDatatype>
<ownDataTypeParameters>,,</ownDataTypeParameters>
<autoIncrementCycle>false</autoIncrementCycle>
</Column>
<Column name="telefone_transportadora" id="7AD9CD58-9F81-6E53-3A7E-18B46450CDBC">
<createdBy>OverShade</createdBy>
<createdTime>2020-05-07 19:23:51 UTC</createdTime>
<ownerDesignName>Modelo Lógico E-Commerce</ownerDesignName>
<useDomainConstraints>false</useDomainConstraints>
<use>1</use>
<logicalDatatype>LOGDT024</logicalDatatype>
<ownDataTypeParameters>,,</ownDataTypeParameters>
<autoIncrementCycle>false</autoIncrementCycle>
</Column>
</columns>
<indexes itemClass="oracle.dbtools.crest.model.design.relational.Index">
<ind_PK_UK id="F21EEA63-D0FF-622E-DBA8-91CCDEC09322" name="transp_PK">
<createdBy>OverShade</createdBy>
<createdTime>2020-05-07 19:58:54 UTC</createdTime>
<ownerDesignName>Modelo Lógico E-Commerce</ownerDesignName>
<pk>true</pk>
<indexState>Primary Constraint</indexState>
<isSurrogateKey>false</isSurrogateKey>
<indexColumnUsage>
<colUsage columnID="35BB440B-3929-B0A5-AAE0-FDEDDA549DCC"/>
</indexColumnUsage>
</ind_PK_UK>
<ind_PK_UK id="EFDE729F-1F3D-B954-5F5F-B9B1D020C518" name="transp_UN">
<createdBy>OverShade</createdBy>
<createdTime>2020-05-08 00:10:16 UTC</createdTime>
<ownerDesignName>Modelo Lógico E-Commerce</ownerDesignName>
<indexState>Unique Constraint</indexState>
<isSurrogateKey>false</isSurrogateKey>
<indexColumnUsage>
<colUsage columnID="0047DD14-7253-0F0F-C7BA-B67EA0CDD5BA"/>
</indexColumnUsage>
</ind_PK_UK>
</indexes>
</Table>