<?xml version = '1.0' encoding = 'UTF-8'?>
<Table class="oracle.dbtools.crest.model.design.relational.Table" directorySegmentName="seg_0" id="5F8AB557-F89C-D949-6BED-246141E4FF18" name="Vendas">
<createdBy>OverShade</createdBy>
<createdTime>2020-05-07 18:40:33 UTC</createdTime>
<ownerDesignName>Modelo Lógico E-Commerce</ownerDesignName>
<ordsAlias>table_12</ordsAlias>
<allowColumnReorder>false</allowColumnReorder>
<existDependencyGenerateInDDl>true</existDependencyGenerateInDDl>
<parsed>true</parsed>
<columns itemClass="oracle.dbtools.crest.model.design.relational.Column">
<Column name="numero_da_venda" id="972828E1-D43C-3556-BEFA-EDF4E250BEB9">
<createdBy>OverShade</createdBy>
<createdTime>2020-05-07 19:21:55 UTC</createdTime>
<ownerDesignName>Modelo Lógico E-Commerce</ownerDesignName>
<useDomainConstraints>false</useDomainConstraints>
<use>1</use>
<logicalDatatype>LOGDT011</logicalDatatype>
<ownDataTypeParameters>,,</ownDataTypeParameters>
<autoIncrementCycle>false</autoIncrementCycle>
</Column>
<Column name="valor_da_venda" id="8DE9C96D-1648-E285-A74A-B99238352A78">
<createdBy>OverShade</createdBy>
<createdTime>2020-05-07 19:22:10 UTC</createdTime>
<ownerDesignName>Modelo Lógico E-Commerce</ownerDesignName>
<useDomainConstraints>false</useDomainConstraints>
<use>1</use>
<logicalDatatype>LOGDT043</logicalDatatype>
<ownDataTypeParameters>,,</ownDataTypeParameters>
<autoIncrementCycle>false</autoIncrementCycle>
</Column>
<Column name="data_da_venda" id="22D29784-90E0-7893-357D-C281C90EE5FE">
<createdBy>OverShade</createdBy>
<createdTime>2020-05-07 19:22:17 UTC</createdTime>
<ownerDesignName>Modelo Lógico E-Commerce</ownerDesignName>
<useDomainConstraints>false</useDomainConstraints>
<use>1</use>
<logicalDatatype>LOGDT008</logicalDatatype>
<ownDataTypeParameters>,,</ownDataTypeParameters>
<autoIncrementCycle>false</autoIncrementCycle>
</Column>
<Column name="carri_id_carrinho" id="9B7A9A2C-C862-919A-834F-CC1B1E69C266">
<createdBy>OverShade</createdBy>
<createdTime>2020-05-07 19:58:33 UTC</createdTime>
<ownerDesignName>Modelo Lógico E-Commerce</ownerDesignName>
<useDomainConstraints>false</useDomainConstraints>
<use>1</use>
<logicalDatatype>LOGDT011</logicalDatatype>
<ownDataTypeParameters>,,</ownDataTypeParameters>
<autoIncrementCycle>false</autoIncrementCycle>
</Column>
<Column name="client_id_cliente" id="3BBC040F-7645-7349-A34A-A1DC30AC0C9D">
<createdBy>OverShade</createdBy>
<createdTime>2020-05-07 23:23:05 UTC</createdTime>
<ownerDesignName>Modelo Lógico E-Commerce</ownerDesignName>
<useDomainConstraints>false</useDomainConstraints>
<use>1</use>
<logicalDatatype>LOGDT011</logicalDatatype>
<ownDataTypeParameters>,,</ownDataTypeParameters>
<previousColumn>false</previousColumn>
<autoIncrementCycle>false</autoIncrementCycle>
<associations>
<colAssociation fkAssociation="2D22B599-5D81-3308-9F06-66F88B7CB5C8" referredColumn="794F689A-5A61-B9B0-6A44-601DC4C7A648"/>
</associations>
</Column>
<Column name="transp_id_transportadora" id="F022D688-9FA4-3082-533B-02EEEA48A572">
<createdBy>OverShade</createdBy>
<createdTime>2020-05-07 23:28:02 UTC</createdTime>
<ownerDesignName>Modelo Lógico E-Commerce</ownerDesignName>
<useDomainConstraints>false</useDomainConstraints>
<use>1</use>
<logicalDatatype>LOGDT011</logicalDatatype>
<ownDataTypeParameters>,,</ownDataTypeParameters>
<previousColumn>false</previousColumn>
<autoIncrementCycle>false</autoIncrementCycle>
<associations>
<colAssociation fkAssociation="DD3C8CC2-A8F7-F617-7A72-0D83590B4295" referredColumn="35BB440B-3929-B0A5-AAE0-FDEDDA549DCC"/>
</associations>
</Column>
</columns>
<indexes itemClass="oracle.dbtools.crest.model.design.relational.Index">
<ind_PK_UK id="9C8F4054-F16E-1424-74E9-9F5B9916A630" name="vend_PK">
<createdBy>OverShade</createdBy>
<createdTime>2020-05-07 19:21:55 UTC</createdTime>
<ownerDesignName>Modelo Lógico E-Commerce</ownerDesignName>
<pk>true</pk>
<indexState>Primary Constraint</indexState>
<isSurrogateKey>false</isSurrogateKey>
<indexColumnUsage>
<colUsage columnID="972828E1-D43C-3556-BEFA-EDF4E250BEB9"/>
</indexColumnUsage>
</ind_PK_UK>
<ind_PK_UK id="25A6F9CD-BCD9-7DB6-355A-D0E85E652CE9" name="vend_UN">
<createdBy>OverShade</createdBy>
<createdTime>2020-05-07 23:42:55 UTC</createdTime>
<ownerDesignName>Modelo Lógico E-Commerce</ownerDesignName>
<indexState>Unique Constraint</indexState>
<isSurrogateKey>false</isSurrogateKey>
<indexColumnUsage>
<colUsage columnID="3BBC040F-7645-7349-A34A-A1DC30AC0C9D"/>
<colUsage columnID="22D29784-90E0-7893-357D-C281C90EE5FE"/>
<colUsage columnID="8DE9C96D-1648-E285-A74A-B99238352A78"/>
</indexColumnUsage>
</ind_PK_UK>
<ind_PK_UK id="920EC955-6AB1-06D9-DD62-FAE4BCDC8725" name="vend_client_FK">
<createdBy>OverShade</createdBy>
<createdTime>2020-05-07 23:23:05 UTC</createdTime>
<ownerDesignName>Modelo Lógico E-Commerce</ownerDesignName>
<indexState>Foreign Key</indexState>
<isSurrogateKey>false</isSurrogateKey>
<indexColumnUsage>
<colUsage columnID="3BBC040F-7645-7349-A34A-A1DC30AC0C9D"/>
</indexColumnUsage>
</ind_PK_UK>
<ind_PK_UK id="D3815E06-EF76-2909-BCE3-5AB775AA6D62" name="vend_transp_FK">
<createdBy>OverShade</createdBy>
<createdTime>2020-05-07 23:28:02 UTC</createdTime>
<ownerDesignName>Modelo Lógico E-Commerce</ownerDesignName>
<indexState>Foreign Key</indexState>
<isSurrogateKey>false</isSurrogateKey>
<indexColumnUsage>
<colUsage columnID="F022D688-9FA4-3082-533B-02EEEA48A572"/>
</indexColumnUsage>
</ind_PK_UK>
</indexes>
</Table>