<?xml version = '1.0' encoding = 'UTF-8'?>
<Table class="oracle.dbtools.crest.model.design.relational.Table" directorySegmentName="seg_0" id="9BB84E18-7EE5-DBF4-9F32-0BA043467CD6" name="Atendentes">
<createdBy>OverShade</createdBy>
<createdTime>2020-05-07 18:39:51 UTC</createdTime>
<ownerDesignName>Modelo Lógico E-Commerce</ownerDesignName>
<ordsAlias>table_12</ordsAlias>
<allowColumnReorder>false</allowColumnReorder>
<existDependencyGenerateInDDl>true</existDependencyGenerateInDDl>
<parsed>true</parsed>
<columns itemClass="oracle.dbtools.crest.model.design.relational.Column">
<Column name="numero_da_matricula" id="1E577ABE-5CE4-0C0E-B822-D541CF4594A1">
<createdBy>OverShade</createdBy>
<createdTime>2020-05-07 18:53:34 UTC</createdTime>
<ownerDesignName>Modelo Lógico E-Commerce</ownerDesignName>
<useDomainConstraints>false</useDomainConstraints>
<use>1</use>
<logicalDatatype>LOGDT011</logicalDatatype>
<ownDataTypeParameters>,,</ownDataTypeParameters>
<autoIncrementCycle>false</autoIncrementCycle>
</Column>
<Column name="nota_do_atendente" id="7E9F955F-0BC1-7B65-6C66-467628671C60">
<createdBy>OverShade</createdBy>
<createdTime>2020-05-07 18:53:54 UTC</createdTime>
<ownerDesignName>Modelo Lógico E-Commerce</ownerDesignName>
<useDomainConstraints>false</useDomainConstraints>
<use>1</use>
<logicalDatatype>LOGDT019</logicalDatatype>
<ownDataTypeParameters>,,</ownDataTypeParameters>
<autoIncrementCycle>false</autoIncrementCycle>
</Column>
<Column name="nome_atendente" id="9E8C198E-54DC-D63F-8589-78122E66D48E">
<createdBy>OverShade</createdBy>
<createdTime>2020-05-07 18:58:13 UTC</createdTime>
<ownerDesignName>Modelo Lógico E-Commerce</ownerDesignName>
<useDomainConstraints>false</useDomainConstraints>
<use>1</use>
<logicalDatatype>LOGDT024</logicalDatatype>
<ownDataTypeParameters>,,</ownDataTypeParameters>
<autoIncrementCycle>false</autoIncrementCycle>
</Column>
<Column name="sobrenome_atendente" id="5788D47D-2246-C075-3A8E-AE1781A1B307">
<createdBy>OverShade</createdBy>
<createdTime>2020-05-07 18:58:27 UTC</createdTime>
<ownerDesignName>Modelo Lógico E-Commerce</ownerDesignName>
<useDomainConstraints>false</useDomainConstraints>
<use>1</use>
<logicalDatatype>LOGDT024</logicalDatatype>
<ownDataTypeParameters>,,</ownDataTypeParameters>
<autoIncrementCycle>false</autoIncrementCycle>
</Column>
<Column name="email_atendente" id="BDDDDA84-12BE-2E4A-8F73-CD6951F297ED">
<createdBy>OverShade</createdBy>
<createdTime>2020-05-07 18:58:42 UTC</createdTime>
<ownerDesignName>Modelo Lógico E-Commerce</ownerDesignName>
<useDomainConstraints>false</useDomainConstraints>
<use>1</use>
<logicalDatatype>LOGDT024</logicalDatatype>
<ownDataTypeParameters>,,</ownDataTypeParameters>
<autoIncrementCycle>false</autoIncrementCycle>
</Column>
<Column name="telefone_atendente" id="6DA970CB-DF1C-69D0-1BC4-3F0636170033">
<createdBy>OverShade</createdBy>
<createdTime>2020-05-07 18:59:00 UTC</createdTime>
<ownerDesignName>Modelo Lógico E-Commerce</ownerDesignName>
<useDomainConstraints>false</useDomainConstraints>
<use>1</use>
<logicalDatatype>LOGDT024</logicalDatatype>
<ownDataTypeParameters>,,</ownDataTypeParameters>
<autoIncrementCycle>false</autoIncrementCycle>
</Column>
</columns>
<indexes itemClass="oracle.dbtools.crest.model.design.relational.Index">
<ind_PK_UK id="F66120C9-E432-6E94-BA39-E90ABDABEEFF" name="atende_PK">
<createdBy>OverShade</createdBy>
<createdTime>2020-05-07 18:53:44 UTC</createdTime>
<ownerDesignName>Modelo Lógico E-Commerce</ownerDesignName>
<pk>true</pk>
<indexState>Primary Constraint</indexState>
<isSurrogateKey>false</isSurrogateKey>
<indexColumnUsage>
<colUsage columnID="1E577ABE-5CE4-0C0E-B822-D541CF4594A1"/>
</indexColumnUsage>
</ind_PK_UK>
<ind_PK_UK id="AB9CEA7D-9260-3F2A-607B-0EE2DBF6C379" name="Atendentes__UN">
<createdBy>OverShade</createdBy>
<createdTime>2020-05-08 00:11:37 UTC</createdTime>
<ownerDesignName>Modelo Lógico E-Commerce</ownerDesignName>
<indexState>Unique Constraint</indexState>
<isSurrogateKey>false</isSurrogateKey>
<indexColumnUsage>
<colUsage columnID="1E577ABE-5CE4-0C0E-B822-D541CF4594A1"/>
</indexColumnUsage>
</ind_PK_UK>
</indexes>
</Table>