<?xml version = '1.0' encoding = 'UTF-8'?>
<Table class="oracle.dbtools.crest.model.design.relational.Table" directorySegmentName="seg_0" id="C8A35A2A-5D3D-D1E0-C6A3-A092678F906B" name="Fornecedores">
<createdBy>OverShade</createdBy>
<createdTime>2020-05-07 18:40:57 UTC</createdTime>
<ownerDesignName>Modelo Lógico E-Commerce</ownerDesignName>
<ordsAlias>table_12</ordsAlias>
<allowColumnReorder>false</allowColumnReorder>
<existDependencyGenerateInDDl>true</existDependencyGenerateInDDl>
<parsed>true</parsed>
<columns itemClass="oracle.dbtools.crest.model.design.relational.Column">
<Column name="id_fornecedor" id="1B25CB96-0212-22B6-4BDD-CAC80633739A">
<createdBy>OverShade</createdBy>
<createdTime>2020-05-07 18:43:05 UTC</createdTime>
<ownerDesignName>Modelo Lógico E-Commerce</ownerDesignName>
<useDomainConstraints>false</useDomainConstraints>
<use>1</use>
<logicalDatatype>LOGDT011</logicalDatatype>
<ownDataTypeParameters>,,</ownDataTypeParameters>
<autoIncrementCycle>false</autoIncrementCycle>
</Column>
<Column name="cnpj_do_fornecedor" id="3E0F2D44-C79C-44AB-C751-74D5BFF80BDF">
<createdBy>OverShade</createdBy>
<createdTime>2020-05-07 18:42:33 UTC</createdTime>
<ownerDesignName>Modelo Lógico E-Commerce</ownerDesignName>
<useDomainConstraints>false</useDomainConstraints>
<use>1</use>
<logicalDatatype>LOGDT024</logicalDatatype>
<ownDataTypeParameters>,,</ownDataTypeParameters>
<autoIncrementCycle>false</autoIncrementCycle>
</Column>
<Column name="nome_do_fornecedor" id="50597FEA-0AA6-AC5B-854B-A7FF26EFF36C">
<createdBy>OverShade</createdBy>
<createdTime>2020-05-07 18:42:57 UTC</createdTime>
<ownerDesignName>Modelo Lógico E-Commerce</ownerDesignName>
<useDomainConstraints>false</useDomainConstraints>
<use>1</use>
<logicalDatatype>LOGDT024</logicalDatatype>
<ownDataTypeParameters>,,</ownDataTypeParameters>
<autoIncrementCycle>false</autoIncrementCycle>
</Column>
<Column name="telefone_fornecedor" id="0CABCED1-AD65-D4AF-F428-A8857DCF7C16">
<createdBy>OverShade</createdBy>
<createdTime>2020-05-07 18:43:19 UTC</createdTime>
<ownerDesignName>Modelo Lógico E-Commerce</ownerDesignName>
<useDomainConstraints>false</useDomainConstraints>
<use>1</use>
<logicalDatatype>LOGDT024</logicalDatatype>
<ownDataTypeParameters>,,</ownDataTypeParameters>
<autoIncrementCycle>false</autoIncrementCycle>
</Column>
<Column name="email_fornecedor" id="73EC991D-5108-EBA3-11F6-F33C9FD38C13">
<createdBy>OverShade</createdBy>
<createdTime>2020-05-07 18:43:33 UTC</createdTime>
<ownerDesignName>Modelo Lógico E-Commerce</ownerDesignName>
<useDomainConstraints>false</useDomainConstraints>
<use>1</use>
<logicalDatatype>LOGDT024</logicalDatatype>
<ownDataTypeParameters>,,</ownDataTypeParameters>
<autoIncrementCycle>false</autoIncrementCycle>
</Column>
</columns>
<indexes itemClass="oracle.dbtools.crest.model.design.relational.Index">
<ind_PK_UK id="C4F680EB-611B-18C0-7B57-5613C60CE9E7" name="forne_PK">
<createdBy>OverShade</createdBy>
<createdTime>2020-05-07 18:43:08 UTC</createdTime>
<ownerDesignName>Modelo Lógico E-Commerce</ownerDesignName>
<pk>true</pk>
<indexState>Primary Constraint</indexState>
<isSurrogateKey>false</isSurrogateKey>
<indexColumnUsage>
<colUsage columnID="1B25CB96-0212-22B6-4BDD-CAC80633739A"/>
</indexColumnUsage>
</ind_PK_UK>
<ind_PK_UK id="1E3D747F-C8E4-5C68-536D-A615A4F49F9D" name="forne_UN">
<createdBy>OverShade</createdBy>
<createdTime>2020-05-07 23:33:16 UTC</createdTime>
<ownerDesignName>Modelo Lógico E-Commerce</ownerDesignName>
<indexState>Unique Constraint</indexState>
<isSurrogateKey>false</isSurrogateKey>
<indexColumnUsage>
<colUsage columnID="3E0F2D44-C79C-44AB-C751-74D5BFF80BDF"/>
</indexColumnUsage>
</ind_PK_UK>
</indexes>
</Table>