<?xml version = '1.0' encoding = 'UTF-8'?>
<Table class="oracle.dbtools.crest.model.design.relational.Table" directorySegmentName="seg_0" id="DA15E125-853B-7B68-4BDA-850FF08ABF38" name="Carrinhos">
<createdBy>OverShade</createdBy>
<createdTime>2020-05-07 18:40:41 UTC</createdTime>
<ownerDesignName>Modelo Lógico E-Commerce</ownerDesignName>
<ordsAlias>table_12</ordsAlias>
<allowColumnReorder>false</allowColumnReorder>
<existDependencyGenerateInDDl>true</existDependencyGenerateInDDl>
<parsed>true</parsed>
<columns itemClass="oracle.dbtools.crest.model.design.relational.Column">
<Column name="id_carrinho" id="6EF88CAE-B175-BE3F-62D1-096FAAD5CF85">
<createdBy>OverShade</createdBy>
<createdTime>2020-05-07 19:27:46 UTC</createdTime>
<ownerDesignName>Modelo Lógico E-Commerce</ownerDesignName>
<useDomainConstraints>false</useDomainConstraints>
<use>1</use>
<logicalDatatype>LOGDT011</logicalDatatype>
<ownDataTypeParameters>,,</ownDataTypeParameters>
<autoIncrementCycle>false</autoIncrementCycle>
</Column>
<Column name="quantidade_carrinho" id="0BE462D1-C2C5-A6E6-8B45-87C774A17ADB">
<createdBy>OverShade</createdBy>
<createdTime>2020-05-07 19:27:59 UTC</createdTime>
<ownerDesignName>Modelo Lógico E-Commerce</ownerDesignName>
<useDomainConstraints>false</useDomainConstraints>
<use>1</use>
<logicalDatatype>LOGDT011</logicalDatatype>
<ownDataTypeParameters>,,</ownDataTypeParameters>
<autoIncrementCycle>false</autoIncrementCycle>
</Column>
<Column name="valor_carrinho" id="EFAD320F-3652-1636-D538-EBC9421C3B0A">
<createdBy>OverShade</createdBy>
<createdTime>2020-05-07 19:28:10 UTC</createdTime>
<ownerDesignName>Modelo Lógico E-Commerce</ownerDesignName>
<useDomainConstraints>false</useDomainConstraints>
<use>1</use>
<logicalDatatype>LOGDT043</logicalDatatype>
<ownDataTypeParameters>,,</ownDataTypeParameters>
<autoIncrementCycle>false</autoIncrementCycle>
</Column>
<Column name="prod_id_produto" id="66AE6371-3223-7160-6034-60A818412678">
<createdBy>OverShade</createdBy>
<createdTime>2020-05-07 19:58:20 UTC</createdTime>
<ownerDesignName>Modelo Lógico E-Commerce</ownerDesignName>
<useDomainConstraints>false</useDomainConstraints>
<use>1</use>
<logicalDatatype>LOGDT011</logicalDatatype>
<ownDataTypeParameters>,,</ownDataTypeParameters>
<previousColumn>false</previousColumn>
<autoIncrementCycle>false</autoIncrementCycle>
<associations>
<colAssociation fkAssociation="B0976F06-5BE8-4CF3-5BA5-5B49B90E5255" referredColumn="FFA1009C-BF70-C1A7-54F6-C801F8E8DFC4"/>
</associations>
</Column>
<Column name="vend_numero_da_venda" id="BD8779C0-4BE6-D593-AD27-1BA6D573AB92">
<createdBy>OverShade</createdBy>
<createdTime>2020-05-07 23:42:08 UTC</createdTime>
<ownerDesignName>Modelo Lógico E-Commerce</ownerDesignName>
<useDomainConstraints>false</useDomainConstraints>
<use>1</use>
<logicalDatatype>LOGDT011</logicalDatatype>
<ownDataTypeParameters>,,</ownDataTypeParameters>
<previousColumn>false</previousColumn>
<autoIncrementCycle>false</autoIncrementCycle>
<associations>
<colAssociation fkAssociation="5C205A47-D30E-6B1B-CCB1-2ED9A2D2B56D" referredColumn="972828E1-D43C-3556-BEFA-EDF4E250BEB9"/>
</associations>
</Column>
</columns>
<indexes itemClass="oracle.dbtools.crest.model.design.relational.Index">
<ind_PK_UK id="83A24856-98FF-48DD-BF77-CD80D0E79649" name="carri_PK">
<createdBy>OverShade</createdBy>
<createdTime>2020-05-07 19:57:51 UTC</createdTime>
<ownerDesignName>Modelo Lógico E-Commerce</ownerDesignName>
<pk>true</pk>
<indexState>Primary Constraint</indexState>
<isSurrogateKey>false</isSurrogateKey>
<indexColumnUsage>
<colUsage columnID="6EF88CAE-B175-BE3F-62D1-096FAAD5CF85"/>
</indexColumnUsage>
</ind_PK_UK>
<ind_PK_UK id="48AC7BD1-96CF-5AA9-7994-964417DF9EC0" name="carri_UN">
<createdBy>OverShade</createdBy>
<createdTime>2020-05-07 23:42:38 UTC</createdTime>
<ownerDesignName>Modelo Lógico E-Commerce</ownerDesignName>
<indexState>Unique Constraint</indexState>
<isSurrogateKey>false</isSurrogateKey>
<indexColumnUsage>
<colUsage columnID="BD8779C0-4BE6-D593-AD27-1BA6D573AB92"/>
<colUsage columnID="EFAD320F-3652-1636-D538-EBC9421C3B0A"/>
</indexColumnUsage>
</ind_PK_UK>
<ind_PK_UK id="A90BD92E-8A02-1719-D855-204B4509EE08" name="carri_prod_FK">
<createdBy>OverShade</createdBy>
<createdTime>2020-05-07 19:58:20 UTC</createdTime>
<ownerDesignName>Modelo Lógico E-Commerce</ownerDesignName>
<indexState>Foreign Key</indexState>
<isSurrogateKey>false</isSurrogateKey>
<indexColumnUsage>
<colUsage columnID="66AE6371-3223-7160-6034-60A818412678"/>
</indexColumnUsage>
</ind_PK_UK>
<ind_PK_UK id="60EB792F-1162-B482-AFC3-F4BD7B2B4667" name="carri_vend_FK">
<createdBy>OverShade</createdBy>
<createdTime>2020-05-07 23:42:08 UTC</createdTime>
<ownerDesignName>Modelo Lógico E-Commerce</ownerDesignName>
<indexState>Foreign Key</indexState>
<isSurrogateKey>false</isSurrogateKey>
<indexColumnUsage>
<colUsage columnID="BD8779C0-4BE6-D593-AD27-1BA6D573AB92"/>
</indexColumnUsage>
</ind_PK_UK>
</indexes>
</Table>