<?xml version = '1.0' encoding = 'UTF-8'?>
<Table class="oracle.dbtools.crest.model.design.relational.Table" directorySegmentName="seg_0" id="EF30DDB3-4F08-C876-CB1E-386B5749F3D2" name="Enderecos">
<createdBy>OverShade</createdBy>
<createdTime>2020-05-07 18:39:39 UTC</createdTime>
<ownerDesignName>Modelo Lógico E-Commerce</ownerDesignName>
<ordsAlias>table_12</ordsAlias>
<allowColumnReorder>false</allowColumnReorder>
<existDependencyGenerateInDDl>true</existDependencyGenerateInDDl>
<parsed>true</parsed>
<columns itemClass="oracle.dbtools.crest.model.design.relational.Column">
<Column name="id_endereco" id="35420F27-4D65-96B8-BA76-07EBEA693D37">
<createdBy>OverShade</createdBy>
<createdTime>2020-05-07 19:15:12 UTC</createdTime>
<ownerDesignName>Modelo Lógico E-Commerce</ownerDesignName>
<useDomainConstraints>false</useDomainConstraints>
<use>1</use>
<logicalDatatype>LOGDT011</logicalDatatype>
<ownDataTypeParameters>,,</ownDataTypeParameters>
<autoIncrementCycle>false</autoIncrementCycle>
</Column>
<Column name="cep_endereco" id="AD2F1647-6F93-0F7A-F894-F971EF1F6B94">
<createdBy>OverShade</createdBy>
<createdTime>2020-05-07 19:15:20 UTC</createdTime>
<ownerDesignName>Modelo Lógico E-Commerce</ownerDesignName>
<useDomainConstraints>false</useDomainConstraints>
<use>1</use>
<logicalDatatype>LOGDT024</logicalDatatype>
<ownDataTypeParameters>,,</ownDataTypeParameters>
<autoIncrementCycle>false</autoIncrementCycle>
</Column>
<Column name="estado" id="217F877B-38DE-6317-34E9-0CDC890E3483">
<createdBy>OverShade</createdBy>
<createdTime>2020-05-07 19:16:28 UTC</createdTime>
<ownerDesignName>Modelo Lógico E-Commerce</ownerDesignName>
<useDomainConstraints>false</useDomainConstraints>
<use>1</use>
<logicalDatatype>LOGDT024</logicalDatatype>
<ownDataTypeParameters>,,</ownDataTypeParameters>
<autoIncrementCycle>false</autoIncrementCycle>
</Column>
<Column name="cidade" id="0F6B4202-0D77-F476-4536-D9CE8EA7BAF6">
<createdBy>OverShade</createdBy>
<createdTime>2020-05-07 19:19:39 UTC</createdTime>
<ownerDesignName>Modelo Lógico E-Commerce</ownerDesignName>
<useDomainConstraints>false</useDomainConstraints>
<use>1</use>
<logicalDatatype>LOGDT024</logicalDatatype>
<ownDataTypeParameters>,,</ownDataTypeParameters>
<autoIncrementCycle>false</autoIncrementCycle>
</Column>
<Column name="bairro" id="4106B0E8-B6C1-64C7-5D35-E1E100740249">
<createdBy>OverShade</createdBy>
<createdTime>2020-05-07 19:21:02 UTC</createdTime>
<ownerDesignName>Modelo Lógico E-Commerce</ownerDesignName>
<useDomainConstraints>false</useDomainConstraints>
<use>1</use>
<logicalDatatype>LOGDT024</logicalDatatype>
<ownDataTypeParameters>,,</ownDataTypeParameters>
<autoIncrementCycle>false</autoIncrementCycle>
</Column>
<Column name="rua" id="B3A17E67-495C-3F06-66E2-F57EA7E2B41C">
<createdBy>OverShade</createdBy>
<createdTime>2020-05-07 19:21:16 UTC</createdTime>
<ownerDesignName>Modelo Lógico E-Commerce</ownerDesignName>
<nullsAllowed>true</nullsAllowed>
<useDomainConstraints>false</useDomainConstraints>
<use>1</use>
<logicalDatatype>LOGDT024</logicalDatatype>
<ownDataTypeParameters>,,</ownDataTypeParameters>
<autoIncrementCycle>false</autoIncrementCycle>
</Column>
<Column name="numero" id="51E2EF51-60F9-F544-BE4B-61C00AE439C3">
<createdBy>OverShade</createdBy>
<createdTime>2020-05-07 19:21:35 UTC</createdTime>
<ownerDesignName>Modelo Lógico E-Commerce</ownerDesignName>
<nullsAllowed>true</nullsAllowed>
<useDomainConstraints>false</useDomainConstraints>
<use>1</use>
<logicalDatatype>LOGDT011</logicalDatatype>
<ownDataTypeParameters>,,</ownDataTypeParameters>
<autoIncrementCycle>false</autoIncrementCycle>
</Column>
</columns>
<indexes itemClass="oracle.dbtools.crest.model.design.relational.Index">
<ind_PK_UK id="9A6FA856-95B2-766E-E6A6-C4E77F09E28B" name="enderecos_PK">
<createdBy>OverShade</createdBy>
<createdTime>2020-05-07 19:15:29 UTC</createdTime>
<ownerDesignName>Modelo Lógico E-Commerce</ownerDesignName>
<pk>true</pk>
<indexState>Primary Constraint</indexState>
<isSurrogateKey>false</isSurrogateKey>
<indexColumnUsage>
<colUsage columnID="35420F27-4D65-96B8-BA76-07EBEA693D37"/>
</indexColumnUsage>
</ind_PK_UK>
<ind_PK_UK id="31FEB101-A44B-FCB4-FC37-98E6EB51AE36" name="ende_UN">
<createdBy>OverShade</createdBy>
<createdTime>2020-05-07 23:30:43 UTC</createdTime>
<ownerDesignName>Modelo Lógico E-Commerce</ownerDesignName>
<indexState>Unique Constraint</indexState>
<isSurrogateKey>false</isSurrogateKey>
<indexColumnUsage>
<colUsage columnID="AD2F1647-6F93-0F7A-F894-F971EF1F6B94"/>
</indexColumnUsage>
</ind_PK_UK>
</indexes>
</Table>