<?xml version = '1.0' encoding = 'UTF-8'?>
<Diagram class="oracle.dbtools.crest.swingui.relational.DPVRelational" name="Relational_1" id="A2BD68AF-87F0-E30D-FB9F-D0BCDDC7BC72">
<createdBy>OverShade</createdBy>
<modifiedBy>OverShade</modifiedBy>
<createdTime>2020-04-04 00:27:55 UTC</createdTime>
<autoRoute>false</autoRoute>
<boxInbox>true</boxInbox>
<showLegend>false</showLegend>
<showLabels>false</showLabels>
<showRelAttributes>false</showRelAttributes>
<gridEnabled>false</gridEnabled>
<showGrid>false</showGrid>
<diagramColor>-1</diagramColor>
<display>false</display>
<notation>1</notation>
<objectViews>
<OView class="oracle.dbtools.crest.swingui.relational.TVTable" oid="380D73C0-EFAB-F086-2250-EA3D91850D49" otype="Table" vid="8ED8EFFB-CB5F-299E-CB23-327FABE2B6E4">
<hideElementsInCurrentOnly>false</hideElementsInCurrentOnly>
<bounds x="845" y="19" width="310" height="219"/>
</OView>
<OView class="oracle.dbtools.crest.swingui.relational.TVTable" oid="4C79E188-C67A-A965-086C-443EFCFA2418" otype="Table" vid="065F1E8C-4DC2-0969-53F7-A6D687B6E6B6">
<hideElementsInCurrentOnly>false</hideElementsInCurrentOnly>
<bounds x="1396" y="270" width="272" height="194"/>
</OView>
<OView class="oracle.dbtools.crest.swingui.relational.TVTable" oid="4C7E7C19-81E9-FCF4-13F5-FDDCCFAE02C5" otype="Table" vid="8BF38695-2C8D-5C8A-39C9-2CB110D9DDBD">
<hideElementsInCurrentOnly>false</hideElementsInCurrentOnly>
<bounds x="68" y="157" width="238" height="142"/>
</OView>
<OView class="oracle.dbtools.crest.swingui.relational.TVTable" oid="50BDD38C-99A4-24B9-8E59-2EB0AE97F899" otype="Table" vid="0F907DE1-512B-F6F5-DB38-70C5C2C54099">
<hideElementsInCurrentOnly>false</hideElementsInCurrentOnly>
<bounds x="1398" y="588" width="237" height="170"/>
</OView>
<OView class="oracle.dbtools.crest.swingui.relational.TVTable" oid="577FB734-C881-401E-39D0-22181E5DF7DB" otype="Table" vid="6F0039F3-9C32-7E61-D56C-079177B09053">
<hideElementsInCurrentOnly>false</hideElementsInCurrentOnly>
<bounds x="386" y="567" width="254" height="197"/>
</OView>
<OView class="oracle.dbtools.crest.swingui.relational.TVTable" oid="5F8AB557-F89C-D949-6BED-246141E4FF18" otype="Table" vid="4943844B-CFD4-5088-9401-4401B906768A">
<hideElementsInCurrentOnly>false</hideElementsInCurrentOnly>
<bounds x="1021" y="561" width="264" height="194"/>
</OView>
<OView class="oracle.dbtools.crest.swingui.relational.TVTable" oid="715738EF-5375-ABAE-321A-87F23B4B124A" otype="Table" vid="97188C05-12CA-6BAB-0122-C4F8B3393D35">
<hideElementsInCurrentOnly>false</hideElementsInCurrentOnly>
<bounds x="688" y="469" width="250" height="166"/>
</OView>
<OView class="oracle.dbtools.crest.swingui.relational.TVTable" oid="9BB84E18-7EE5-DBF4-9F32-0BA043467CD6" otype="Table" vid="26812683-CD2E-1B71-0C62-8FB368D0E4E4">
<hideElementsInCurrentOnly>false</hideElementsInCurrentOnly>
<bounds x="400" y="383" width="216" height="149"/>
</OView>
<OView class="oracle.dbtools.crest.swingui.relational.TVTable" oid="C8A35A2A-5D3D-D1E0-C6A3-A092678F906B" otype="Table" vid="1E40CACC-1368-2B4E-7652-783B6B34F99A">
<hideElementsInCurrentOnly>false</hideElementsInCurrentOnly>
<bounds x="446" y="7" width="225" height="157"/>
</OView>
<OView class="oracle.dbtools.crest.swingui.relational.TVTable" oid="DA15E125-853B-7B68-4BDA-850FF08ABF38" otype="Table" vid="712FCDF8-10CD-FA21-778E-F61FE6086C80">
<hideElementsInCurrentOnly>false</hideElementsInCurrentOnly>
<bounds x="1035" y="315" width="237" height="172"/>
</OView>
<OView class="oracle.dbtools.crest.swingui.relational.TVTable" oid="E6838D25-D3CC-94C8-A107-4A122388B9DA" otype="Table" vid="D17E252A-67C7-B381-08B6-8AC54AF7D0A3">
<hideElementsInCurrentOnly>false</hideElementsInCurrentOnly>
<bounds x="1399" y="30" width="268" height="167"/>
</OView>
<OView class="oracle.dbtools.crest.swingui.relational.TVTable" oid="EF30DDB3-4F08-C876-CB1E-386B5749F3D2" otype="Table" vid="BC6B6EBA-3289-B070-3DC9-E6167E3C332C">
<hideElementsInCurrentOnly>false</hideElementsInCurrentOnly>
<bounds x="69" y="591" width="199" height="164"/>
</OView>
<OView class="oracle.dbtools.crest.swingui.relational.TVTable" oid="F4C1522C-B7BB-FAB8-2F6D-31FCA6750D82" otype="Table" vid="A386BE06-827D-C046-1023-1F2C0EA192E0">
<hideElementsInCurrentOnly>false</hideElementsInCurrentOnly>
<bounds x="9" y="385" width="343" height="140"/>
</OView>
</objectViews>
<connectors>
<Connector class="oracle.dbtools.crest.swingui.relational.TVFKRelation" oid="1BADEC5C-EE29-6171-E9DE-B21A35EE2F00" otype="FKIndexAssociation" vid_source="8ED8EFFB-CB5F-299E-CB23-327FABE2B6E4" vid_target="D17E252A-67C7-B381-08B6-8AC54AF7D0A3">
<hideElementsInCurrentOnly>false</hideElementsInCurrentOnly>
<backgroundColor>-16777216</backgroundColor>
<lineWidth>1</lineWidth>
<points>
<point x="1155" y="113"/>
<point x="1399" y="113"/>
</points>
</Connector>
<Connector class="oracle.dbtools.crest.swingui.relational.TVFKRelation" oid="1C8A5D09-FCCC-4C22-A519-34D0E27EA307" otype="FKIndexAssociation" vid_source="065F1E8C-4DC2-0969-53F7-A6D687B6E6B6" vid_target="D17E252A-67C7-B381-08B6-8AC54AF7D0A3">
<hideElementsInCurrentOnly>false</hideElementsInCurrentOnly>
<backgroundColor>-16777216</backgroundColor>
<lineWidth>1</lineWidth>
<points>
<point x="1548" y="270"/>
<point x="1548" y="197"/>
</points>
</Connector>
<Connector class="oracle.dbtools.crest.swingui.relational.TVFKRelation" oid="1DA037F9-1315-291C-677C-433F7082FB1C" otype="FKIndexAssociation" vid_source="6F0039F3-9C32-7E61-D56C-079177B09053" vid_target="97188C05-12CA-6BAB-0122-C4F8B3393D35">
<hideElementsInCurrentOnly>false</hideElementsInCurrentOnly>
<backgroundColor>-16777216</backgroundColor>
<lineWidth>1</lineWidth>
<points>
<point x="640" y="601"/>
<point x="688" y="601"/>
</points>
</Connector>
<Connector class="oracle.dbtools.crest.swingui.relational.TVFKRelation" oid="2D22B599-5D81-3308-9F06-66F88B7CB5C8" otype="FKIndexAssociation" vid_source="6F0039F3-9C32-7E61-D56C-079177B09053" vid_target="4943844B-CFD4-5088-9401-4401B906768A">
<hideElementsInCurrentOnly>false</hideElementsInCurrentOnly>
<backgroundColor>-16777216</backgroundColor>
<lineWidth>1</lineWidth>
<points>
<point x="640" y="661"/>
<point x="1021" y="661"/>
</points>
</Connector>
<Connector class="oracle.dbtools.crest.swingui.relational.TVFKRelation" oid="499C4EB6-3B04-FF9F-63C4-CCCBDF226C53" otype="FKIndexAssociation" vid_source="1E40CACC-1368-2B4E-7652-783B6B34F99A" vid_target="8ED8EFFB-CB5F-299E-CB23-327FABE2B6E4">
<hideElementsInCurrentOnly>false</hideElementsInCurrentOnly>
<backgroundColor>-16777216</backgroundColor>
<lineWidth>1</lineWidth>
<points>
<point x="671" y="91"/>
<point x="845" y="91"/>
</points>
</Connector>
<Connector class="oracle.dbtools.crest.swingui.relational.TVFKRelation" oid="5C205A47-D30E-6B1B-CCB1-2ED9A2D2B56D" otype="FKIndexAssociation" vid_source="4943844B-CFD4-5088-9401-4401B906768A" vid_target="712FCDF8-10CD-FA21-778E-F61FE6086C80">
<hideElementsInCurrentOnly>false</hideElementsInCurrentOnly>
<backgroundColor>-16777216</backgroundColor>
<lineWidth>1</lineWidth>
<points>
<point x="1138" y="561"/>
<point x="1138" y="487"/>
</points>
</Connector>
<Connector class="oracle.dbtools.crest.swingui.relational.TVFKRelation" oid="9E75F7C7-EE54-DCBB-4428-E4D1E721406F" otype="FKIndexAssociation" vid_source="A386BE06-827D-C046-1023-1F2C0EA192E0" vid_target="8BF38695-2C8D-5C8A-39C9-2CB110D9DDBD">
<hideElementsInCurrentOnly>false</hideElementsInCurrentOnly>
<backgroundColor>-16777216</backgroundColor>
<lineWidth>1</lineWidth>
<points>
<point x="202" y="385"/>
<point x="202" y="299"/>
</points>
</Connector>
<Connector class="oracle.dbtools.crest.swingui.relational.TVFKRelation" oid="B0976F06-5BE8-4CF3-5BA5-5B49B90E5255" otype="FKIndexAssociation" vid_source="8ED8EFFB-CB5F-299E-CB23-327FABE2B6E4" vid_target="712FCDF8-10CD-FA21-778E-F61FE6086C80">
<hideElementsInCurrentOnly>false</hideElementsInCurrentOnly>
<backgroundColor>-16777216</backgroundColor>
<lineWidth>1</lineWidth>
<points>
<point x="1095" y="238"/>
<point x="1095" y="315"/>
</points>
</Connector>
<Connector class="oracle.dbtools.crest.swingui.relational.TVFKRelation" oid="B3CDC768-49BE-1769-26D9-403ABE924F81" otype="FKIndexAssociation" vid_source="26812683-CD2E-1B71-0C62-8FB368D0E4E4" vid_target="A386BE06-827D-C046-1023-1F2C0EA192E0">
<hideElementsInCurrentOnly>false</hideElementsInCurrentOnly>
<backgroundColor>-16777216</backgroundColor>
<lineWidth>1</lineWidth>
<points>
<point x="400" y="455"/>
<point x="352" y="455"/>
</points>
</Connector>
<Connector class="oracle.dbtools.crest.swingui.relational.TVFKRelation" oid="C6D4A6A7-49F2-9EB3-08DB-BBF4DB94449E" otype="FKIndexAssociation" vid_source="26812683-CD2E-1B71-0C62-8FB368D0E4E4" vid_target="97188C05-12CA-6BAB-0122-C4F8B3393D35">
<hideElementsInCurrentOnly>false</hideElementsInCurrentOnly>
<backgroundColor>-16777216</backgroundColor>
<lineWidth>1</lineWidth>
<points>
<point x="616" y="500"/>
<point x="688" y="500"/>
</points>
</Connector>
<Connector class="oracle.dbtools.crest.swingui.relational.TVFKRelation" oid="D801AD4E-1AE1-416A-3762-0BAB427B3254" otype="FKIndexAssociation" vid_source="BC6B6EBA-3289-B070-3DC9-E6167E3C332C" vid_target="6F0039F3-9C32-7E61-D56C-079177B09053">
<hideElementsInCurrentOnly>false</hideElementsInCurrentOnly>
<backgroundColor>-16777216</backgroundColor>
<lineWidth>1</lineWidth>
<points>
<point x="268" y="673"/>
<point x="386" y="673"/>
</points>
</Connector>
<Connector class="oracle.dbtools.crest.swingui.relational.TVFKRelation" oid="DD3C8CC2-A8F7-F617-7A72-0D83590B4295" otype="FKIndexAssociation" vid_source="0F907DE1-512B-F6F5-DB38-70C5C2C54099" vid_target="4943844B-CFD4-5088-9401-4401B906768A">
<hideElementsInCurrentOnly>false</hideElementsInCurrentOnly>
<backgroundColor>-16777216</backgroundColor>
<lineWidth>1</lineWidth>
<points>
<point x="1398" y="701"/>
<point x="1285" y="701"/>
</points>
</Connector>
</connectors>
</Diagram>