<?xml version = '1.0' encoding = 'UTF-8'?>
<Entity class="oracle.dbtools.crest.model.design.logical.Entity" directorySegmentName="seg_0" id="0864B7B5-E914-5C58-1320-0842F9D384A4" name="Cliente">
<createdBy>OverShade</createdBy>
<createdTime>2020-04-04 00:37:44 UTC</createdTime>
<ownerDesignName>Modelo Lógico E-Commerce</ownerDesignName>
<engineerTo>
<item key="62613AD8-FF0C-BFCD-BF97-9F7AE4F10EA9" value="true"/>
</engineerTo>
<adequatelyNormalized>NO</adequatelyNormalized>
<expectedVolumes>0</expectedVolumes>
<fwdEngineeringStrategyName>Single Table</fwdEngineeringStrategyName>
<growthPercent>0</growthPercent>
<growthType>Year</growthType>
<maxVolumes>9999999</maxVolumes>
<minVolumes>0</minVolumes>
<normalForm>Third</normalForm>
<attributes itemClass="oracle.dbtools.crest.model.design.logical.Attribute">
<Attribute name="id_cliente" id="CFA02BE8-259B-3468-CDE1-B713A3EEBE61">
<createdBy>OverShade</createdBy>
<createdTime>2020-05-06 00:57:35 UTC</createdTime>
<ownerDesignName>Modelo Lógico E-Commerce</ownerDesignName>
<engineerTo>
<item key="62613AD8-FF0C-BFCD-BF97-9F7AE4F10EA9" value="true"/>
</engineerTo>
<use>0</use>
<ownDataTypeParameters>,,</ownDataTypeParameters>
</Attribute>
<Attribute name="nome_cliente" id="418E237C-DDDB-E924-CB49-B6BE1F9DE938">
<createdBy>OverShade</createdBy>
<createdTime>2020-05-07 19:14:13 UTC</createdTime>
<ownerDesignName>Modelo Lógico E-Commerce</ownerDesignName>
<engineerTo>
<item key="62613AD8-FF0C-BFCD-BF97-9F7AE4F10EA9" value="true"/>
</engineerTo>
<use>0</use>
<ownDataTypeParameters>,,</ownDataTypeParameters>
</Attribute>
<Attribute name="sobrenome_cliente" id="64B4E0AD-84E0-5E43-007B-4A42FA805111">
<createdBy>OverShade</createdBy>
<createdTime>2020-05-07 19:14:22 UTC</createdTime>
<ownerDesignName>Modelo Lógico E-Commerce</ownerDesignName>
<engineerTo>
<item key="62613AD8-FF0C-BFCD-BF97-9F7AE4F10EA9" value="true"/>
</engineerTo>
<use>0</use>
<ownDataTypeParameters>,,</ownDataTypeParameters>
</Attribute>
<Attribute name="login" id="27A8F64E-2CC6-DEB5-5716-3C37524D48B0">
<createdBy>OverShade</createdBy>
<createdTime>2020-04-13 16:40:10 UTC</createdTime>
<ownerDesignName>Modelo Lógico E-Commerce</ownerDesignName>
<engineerTo>
<item key="62613AD8-FF0C-BFCD-BF97-9F7AE4F10EA9" value="true"/>
</engineerTo>
<useDomainConstraints>false</useDomainConstraints>
<use>1</use>
<logicalDatatype>LOGDT024</logicalDatatype>
<ownDataTypeParameters>,,</ownDataTypeParameters>
</Attribute>
<Attribute name="senha" id="A942D983-322C-F628-F01D-C755796F1703">
<createdBy>OverShade</createdBy>
<createdTime>2020-04-09 23:51:58 UTC</createdTime>
<ownerDesignName>Modelo Lógico E-Commerce</ownerDesignName>
<engineerTo>
<item key="62613AD8-FF0C-BFCD-BF97-9F7AE4F10EA9" value="true"/>
</engineerTo>
<use>0</use>
<ownDataTypeParameters>,,</ownDataTypeParameters>
</Attribute>
<Attribute name="email_cliente" id="EEAFDDD4-B38F-85BA-EEFB-79FD38596A30">
<createdBy>OverShade</createdBy>
<createdTime>2020-05-06 00:57:46 UTC</createdTime>
<ownerDesignName>Modelo Lógico E-Commerce</ownerDesignName>
<engineerTo>
<item key="62613AD8-FF0C-BFCD-BF97-9F7AE4F10EA9" value="true"/>
</engineerTo>
<use>0</use>
<ownDataTypeParameters>,,</ownDataTypeParameters>
</Attribute>
<Attribute name="telefone_cliente" id="800C1DDD-78EB-A67D-DFD8-740F65380FE6">
<createdBy>OverShade</createdBy>
<createdTime>2020-05-06 00:58:00 UTC</createdTime>
<ownerDesignName>Modelo Lógico E-Commerce</ownerDesignName>
<engineerTo>
<item key="62613AD8-FF0C-BFCD-BF97-9F7AE4F10EA9" value="true"/>
</engineerTo>
<nullsAllowed>true</nullsAllowed>
<use>0</use>
<ownDataTypeParameters>,,</ownDataTypeParameters>
</Attribute>
<Attribute name="cep_endereco" id="D72F7FAC-A790-FFC0-7501-334C35239309">
<createdBy>OverShade</createdBy>
<createdTime>2020-05-06 21:58:54 UTC</createdTime>
<generatorID>D2505880-8C99-B910-99B4-2DE5BEE3B231</generatorID>
<ownerDesignName>Modelo Lógico E-Commerce</ownerDesignName>
<engineerTo>
<item key="62613AD8-FF0C-BFCD-BF97-9F7AE4F10EA9" value="true"/>
</engineerTo>
<referedAttribute>D415247A-1949-848A-F77D-3605CFE82241</referedAttribute>
<use>0</use>
<ownDataTypeParameters>,,</ownDataTypeParameters>
</Attribute>
</attributes>
<identifiers itemClass="oracle.dbtools.crest.model.design.logical.CandidateKey">
<identifier id="3AD48CD3-19BF-ADEF-BCB3-9E98E4F97E73" name="Clientes PK">
<createdBy>OverShade</createdBy>
<createdTime>2020-04-13 16:40:13 UTC</createdTime>
<ownerDesignName>Modelo Lógico E-Commerce</ownerDesignName>
<engineerTo>
<item key="62613AD8-FF0C-BFCD-BF97-9F7AE4F10EA9" value="true"/>
</engineerTo>
<pk>true</pk>
<usedAttributes>
<attributeRef>27A8F64E-2CC6-DEB5-5716-3C37524D48B0</attributeRef>
</usedAttributes>
</identifier>
<identifier id="756982AC-307B-31D4-3D15-4D1A07FC4080" name="Telefone">
<createdBy>OverShade</createdBy>
<createdTime>2020-05-06 01:24:43 UTC</createdTime>
<ownerDesignName>Modelo Lógico E-Commerce</ownerDesignName>
<engineerTo>
<item key="62613AD8-FF0C-BFCD-BF97-9F7AE4F10EA9" value="true"/>
</engineerTo>
<newElementsIDs>800C1DDD-78EB-A67D-DFD8-740F65380FE6</newElementsIDs>
<usedAttributes>
<attributeRef>800C1DDD-78EB-A67D-DFD8-740F65380FE6</attributeRef>
</usedAttributes>
</identifier>
<identifier id="85F5D0FA-C429-9295-BDD7-CBC7F813D6AA" name="ID Artificial">
<createdBy>OverShade</createdBy>
<createdTime>2020-05-06 01:25:07 UTC</createdTime>
<ownerDesignName>Modelo Lógico E-Commerce</ownerDesignName>
<engineerTo>
<item key="62613AD8-FF0C-BFCD-BF97-9F7AE4F10EA9" value="true"/>
</engineerTo>
<newElementsIDs>CFA02BE8-259B-3468-CDE1-B713A3EEBE61</newElementsIDs>
<usedAttributes>
<attributeRef>CFA02BE8-259B-3468-CDE1-B713A3EEBE61</attributeRef>
</usedAttributes>
</identifier>
<identifier id="FAFF3F00-1CDB-CABB-76BB-7D74D170BF9E" name="email">
<createdBy>OverShade</createdBy>
<createdTime>2020-05-06 01:38:30 UTC</createdTime>
<ownerDesignName>Modelo Lógico E-Commerce</ownerDesignName>
<engineerTo>
<item key="62613AD8-FF0C-BFCD-BF97-9F7AE4F10EA9" value="true"/>
</engineerTo>
<newElementsIDs>EEAFDDD4-B38F-85BA-EEFB-79FD38596A30</newElementsIDs>
<usedAttributes>
<attributeRef>EEAFDDD4-B38F-85BA-EEFB-79FD38596A30</attributeRef>
</usedAttributes>
</identifier>
</identifiers>
</Entity>