<?xml version = '1.0' encoding = 'UTF-8'?>
<Entity class="oracle.dbtools.crest.model.design.logical.Entity" directorySegmentName="seg_0" id="1A042F2A-5E35-32E2-3848-D6C9733EB211" name="Atendente">
<createdBy>OverShade</createdBy>
<createdTime>2020-04-04 00:39:14 UTC</createdTime>
<ownerDesignName>Modelo Lógico E-Commerce</ownerDesignName>
<engineerTo>
<item key="62613AD8-FF0C-BFCD-BF97-9F7AE4F10EA9" value="true"/>
</engineerTo>
<adequatelyNormalized>NO</adequatelyNormalized>
<expectedVolumes>0</expectedVolumes>
<fwdEngineeringStrategyName>Single Table</fwdEngineeringStrategyName>
<growthPercent>0</growthPercent>
<growthType>Year</growthType>
<maxVolumes>9999999</maxVolumes>
<minVolumes>0</minVolumes>
<normalForm>Third</normalForm>
<attributes itemClass="oracle.dbtools.crest.model.design.logical.Attribute">
<Attribute name="numero_da_matricula" id="82546743-DA1D-6214-A312-3BB0076622D2">
<createdBy>OverShade</createdBy>
<createdTime>2020-04-09 23:46:40 UTC</createdTime>
<ownerDesignName>Modelo Lógico E-Commerce</ownerDesignName>
<engineerTo>
<item key="62613AD8-FF0C-BFCD-BF97-9F7AE4F10EA9" value="true"/>
</engineerTo>
<use>0</use>
<ownDataTypeParameters>,,</ownDataTypeParameters>
</Attribute>
<Attribute name="nota_do_atendente" id="EE20F8A8-C0EA-1AC8-D8C9-97046AEC863B">
<createdBy>OverShade</createdBy>
<createdTime>2020-04-09 23:47:06 UTC</createdTime>
<ownerDesignName>Modelo Lógico E-Commerce</ownerDesignName>
<engineerTo>
<item key="62613AD8-FF0C-BFCD-BF97-9F7AE4F10EA9" value="true"/>
</engineerTo>
<use>0</use>
<ownDataTypeParameters>,,</ownDataTypeParameters>
</Attribute>
<Attribute name="nome_atendente" id="9BC76EA2-7488-58AE-E133-BE0ED1D46589">
<createdBy>OverShade</createdBy>
<createdTime>2020-05-06 00:56:24 UTC</createdTime>
<ownerDesignName>Modelo Lógico E-Commerce</ownerDesignName>
<engineerTo>
<item key="62613AD8-FF0C-BFCD-BF97-9F7AE4F10EA9" value="true"/>
</engineerTo>
<use>0</use>
<ownDataTypeParameters>,,</ownDataTypeParameters>
</Attribute>
<Attribute name="sobrenome_atendente" id="D01489E6-840E-F9F6-22AA-96A099139E07">
<createdBy>OverShade</createdBy>
<createdTime>2020-05-06 00:56:31 UTC</createdTime>
<ownerDesignName>Modelo Lógico E-Commerce</ownerDesignName>
<engineerTo>
<item key="62613AD8-FF0C-BFCD-BF97-9F7AE4F10EA9" value="true"/>
</engineerTo>
<use>0</use>
<ownDataTypeParameters>,,</ownDataTypeParameters>
</Attribute>
<Attribute name="email_atendente" id="69CD3E57-B809-1A37-0981-F3D9D6A34445">
<createdBy>OverShade</createdBy>
<createdTime>2020-05-06 00:56:37 UTC</createdTime>
<ownerDesignName>Modelo Lógico E-Commerce</ownerDesignName>
<engineerTo>
<item key="62613AD8-FF0C-BFCD-BF97-9F7AE4F10EA9" value="true"/>
</engineerTo>
<use>0</use>
<ownDataTypeParameters>,,</ownDataTypeParameters>
</Attribute>
<Attribute name="telefone_atendente" id="5E93626E-40BA-4796-038C-DED8BEA4A782">
<createdBy>OverShade</createdBy>
<createdTime>2020-05-06 00:56:55 UTC</createdTime>
<ownerDesignName>Modelo Lógico E-Commerce</ownerDesignName>
<engineerTo>
<item key="62613AD8-FF0C-BFCD-BF97-9F7AE4F10EA9" value="true"/>
</engineerTo>
<nullsAllowed>true</nullsAllowed>
<use>0</use>
<ownDataTypeParameters>,,</ownDataTypeParameters>
</Attribute>
</attributes>
<identifiers itemClass="oracle.dbtools.crest.model.design.logical.CandidateKey">
<identifier id="7EB6D474-9513-5192-D981-7FF74826C569" name="Atendente PK">
<createdBy>OverShade</createdBy>
<createdTime>2020-04-09 23:47:01 UTC</createdTime>
<ownerDesignName>Modelo Lógico E-Commerce</ownerDesignName>
<engineerTo>
<item key="62613AD8-FF0C-BFCD-BF97-9F7AE4F10EA9" value="true"/>
</engineerTo>
<pk>true</pk>
<usedAttributes>
<attributeRef>82546743-DA1D-6214-A312-3BB0076622D2</attributeRef>
</usedAttributes>
</identifier>
<identifier id="5C82210E-B420-E315-9470-E73697797629" name="Email">
<createdBy>OverShade</createdBy>
<createdTime>2020-05-06 01:06:32 UTC</createdTime>
<ownerDesignName>Modelo Lógico E-Commerce</ownerDesignName>
<engineerTo>
<item key="62613AD8-FF0C-BFCD-BF97-9F7AE4F10EA9" value="true"/>
</engineerTo>
<newElementsIDs>69CD3E57-B809-1A37-0981-F3D9D6A34445</newElementsIDs>
<usedAttributes>
<attributeRef>69CD3E57-B809-1A37-0981-F3D9D6A34445</attributeRef>
</usedAttributes>
</identifier>
<identifier id="ECF15753-C7BC-8337-BE03-78D5AD10946D" name="Telefone">
<createdBy>OverShade</createdBy>
<createdTime>2020-05-06 01:25:34 UTC</createdTime>
<ownerDesignName>Modelo Lógico E-Commerce</ownerDesignName>
<engineerTo>
<item key="62613AD8-FF0C-BFCD-BF97-9F7AE4F10EA9" value="true"/>
</engineerTo>
<newElementsIDs>5E93626E-40BA-4796-038C-DED8BEA4A782</newElementsIDs>
<usedAttributes>
<attributeRef>5E93626E-40BA-4796-038C-DED8BEA4A782</attributeRef>
</usedAttributes>
</identifier>
</identifiers>
</Entity>