<?xml version = '1.0' encoding = 'UTF-8'?>
<Entity class="oracle.dbtools.crest.model.design.logical.Entity" directorySegmentName="seg_0" id="29C3C4F9-08BA-EB24-FA52-7F75A242CE2D" name="Endereco">
<createdBy>OverShade</createdBy>
<createdTime>2020-04-23 16:37:34 UTC</createdTime>
<ownerDesignName>Modelo Lógico E-Commerce</ownerDesignName>
<engineerTo>
<item key="62613AD8-FF0C-BFCD-BF97-9F7AE4F10EA9" value="true"/>
</engineerTo>
<adequatelyNormalized>NO</adequatelyNormalized>
<expectedVolumes>0</expectedVolumes>
<fwdEngineeringStrategyName>Single Table</fwdEngineeringStrategyName>
<growthPercent>0</growthPercent>
<growthType>Year</growthType>
<maxVolumes>9999999</maxVolumes>
<minVolumes>0</minVolumes>
<normalForm>Third</normalForm>
<attributes itemClass="oracle.dbtools.crest.model.design.logical.Attribute">
<Attribute name="id_endereco" id="808381D1-C279-DC0E-A8BA-B2E55C1515CE">
<createdBy>OverShade</createdBy>
<createdTime>2020-05-06 01:40:45 UTC</createdTime>
<ownerDesignName>Modelo Lógico E-Commerce</ownerDesignName>
<engineerTo>
<item key="62613AD8-FF0C-BFCD-BF97-9F7AE4F10EA9" value="true"/>
</engineerTo>
<use>0</use>
<ownDataTypeParameters>,,</ownDataTypeParameters>
</Attribute>
<Attribute name="cep_endereco" id="D415247A-1949-848A-F77D-3605CFE82241">
<createdBy>OverShade</createdBy>
<createdTime>2020-04-23 16:39:11 UTC</createdTime>
<ownerDesignName>Modelo Lógico E-Commerce</ownerDesignName>
<engineerTo>
<item key="62613AD8-FF0C-BFCD-BF97-9F7AE4F10EA9" value="true"/>
</engineerTo>
<use>0</use>
<ownDataTypeParameters>,,</ownDataTypeParameters>
</Attribute>
<Attribute name="estado" id="8A04A346-F832-1775-18D2-3E7BB6A0F78F">
<createdBy>OverShade</createdBy>
<createdTime>2020-04-23 16:39:35 UTC</createdTime>
<ownerDesignName>Modelo Lógico E-Commerce</ownerDesignName>
<engineerTo>
<item key="62613AD8-FF0C-BFCD-BF97-9F7AE4F10EA9" value="true"/>
</engineerTo>
<use>0</use>
<ownDataTypeParameters>,,</ownDataTypeParameters>
</Attribute>
<Attribute name="cidade" id="DF4753AF-9D21-36E2-8DCE-784B5E635BA8">
<createdBy>OverShade</createdBy>
<createdTime>2020-04-23 16:39:32 UTC</createdTime>
<ownerDesignName>Modelo Lógico E-Commerce</ownerDesignName>
<engineerTo>
<item key="62613AD8-FF0C-BFCD-BF97-9F7AE4F10EA9" value="true"/>
</engineerTo>
<use>0</use>
<ownDataTypeParameters>,,</ownDataTypeParameters>
</Attribute>
<Attribute name="bairro" id="FFEF38E4-C49F-790B-83F6-5FAECA1C809C">
<createdBy>OverShade</createdBy>
<createdTime>2020-04-23 16:40:12 UTC</createdTime>
<ownerDesignName>Modelo Lógico E-Commerce</ownerDesignName>
<engineerTo>
<item key="62613AD8-FF0C-BFCD-BF97-9F7AE4F10EA9" value="true"/>
</engineerTo>
<use>0</use>
<ownDataTypeParameters>,,</ownDataTypeParameters>
</Attribute>
<Attribute name="rua" id="958543A0-0714-C19B-164C-EBB8D501C8F4">
<createdBy>OverShade</createdBy>
<createdTime>2020-04-23 16:39:46 UTC</createdTime>
<ownerDesignName>Modelo Lógico E-Commerce</ownerDesignName>
<engineerTo>
<item key="62613AD8-FF0C-BFCD-BF97-9F7AE4F10EA9" value="true"/>
</engineerTo>
<use>0</use>
<ownDataTypeParameters>,,</ownDataTypeParameters>
</Attribute>
<Attribute name="numero" id="A7618CCC-4AB9-AACF-5C1B-B211EBA7D751">
<createdBy>OverShade</createdBy>
<createdTime>2020-04-23 16:39:50 UTC</createdTime>
<ownerDesignName>Modelo Lógico E-Commerce</ownerDesignName>
<engineerTo>
<item key="62613AD8-FF0C-BFCD-BF97-9F7AE4F10EA9" value="true"/>
</engineerTo>
<nullsAllowed>true</nullsAllowed>
<use>0</use>
<ownDataTypeParameters>,,</ownDataTypeParameters>
</Attribute>
<Attribute name="login" id="E2D0CD38-3123-1E16-AF68-8FAA23600FB5">
<createdBy>OverShade</createdBy>
<createdTime>2020-05-06 01:00:44 UTC</createdTime>
<generatorID>D2505880-8C99-B910-99B4-2DE5BEE3B231</generatorID>
<ownerDesignName>Modelo Lógico E-Commerce</ownerDesignName>
<engineerTo>
<item key="62613AD8-FF0C-BFCD-BF97-9F7AE4F10EA9" value="true"/>
</engineerTo>
<referedAttribute>27A8F64E-2CC6-DEB5-5716-3C37524D48B0</referedAttribute>
<useDomainConstraints>false</useDomainConstraints>
<use>1</use>
<logicalDatatype>LOGDT024</logicalDatatype>
<ownDataTypeParameters>,,</ownDataTypeParameters>
</Attribute>
</attributes>
<identifiers itemClass="oracle.dbtools.crest.model.design.logical.CandidateKey">
<identifier id="88D76515-F836-3D76-290D-8BBDE077508B" name="id_artificial_endereço_clientev1">
<createdBy>OverShade</createdBy>
<createdTime>2020-05-06 01:42:16 UTC</createdTime>
<ownerDesignName>Modelo Lógico E-Commerce</ownerDesignName>
<engineerTo>
<item key="62613AD8-FF0C-BFCD-BF97-9F7AE4F10EA9" value="true"/>
</engineerTo>
<newElementsIDs>808381D1-C279-DC0E-A8BA-B2E55C1515CE</newElementsIDs>
<usedAttributes>
<attributeRef>808381D1-C279-DC0E-A8BA-B2E55C1515CE</attributeRef>
</usedAttributes>
</identifier>
<identifier id="59E868F3-ADE0-7F33-752A-5A3467359CF7" name="Endereço_Cliente PK">
<createdBy>OverShade</createdBy>
<createdTime>2020-05-06 01:42:33 UTC</createdTime>
<ownerDesignName>Modelo Lógico E-Commerce</ownerDesignName>
<engineerTo>
<item key="62613AD8-FF0C-BFCD-BF97-9F7AE4F10EA9" value="true"/>
</engineerTo>
<pk>true</pk>
<usedAttributes>
<attributeRef>D415247A-1949-848A-F77D-3605CFE82241</attributeRef>
</usedAttributes>
</identifier>
<identifier id="4A91EAFE-369B-94CA-5880-A162315516F1" name="Numero">
<createdBy>OverShade</createdBy>
<createdTime>2020-05-06 01:57:27 UTC</createdTime>
<ownerDesignName>Modelo Lógico E-Commerce</ownerDesignName>
<engineerTo>
<item key="62613AD8-FF0C-BFCD-BF97-9F7AE4F10EA9" value="true"/>
</engineerTo>
<newElementsIDs>A7618CCC-4AB9-AACF-5C1B-B211EBA7D751</newElementsIDs>
<usedAttributes>
<attributeRef>A7618CCC-4AB9-AACF-5C1B-B211EBA7D751</attributeRef>
</usedAttributes>
</identifier>
</identifiers>
</Entity>