<?xml version = '1.0' encoding = 'UTF-8'?>
<Entity class="oracle.dbtools.crest.model.design.logical.Entity" directorySegmentName="seg_0" id="65809D5E-A7AA-520E-8694-8DA8906B769D" name="Fornecedores">
<createdBy>OverShade</createdBy>
<createdTime>2020-05-05 17:56:40 UTC</createdTime>
<ownerDesignName>Modelo Lógico E-Commerce</ownerDesignName>
<engineerTo>
<item key="62613AD8-FF0C-BFCD-BF97-9F7AE4F10EA9" value="true"/>
</engineerTo>
<adequatelyNormalized>NO</adequatelyNormalized>
<expectedVolumes>0</expectedVolumes>
<fwdEngineeringStrategyName>Single Table</fwdEngineeringStrategyName>
<growthPercent>0</growthPercent>
<growthType>Year</growthType>
<maxVolumes>9999999</maxVolumes>
<minVolumes>0</minVolumes>
<normalForm>Third</normalForm>
<attributes itemClass="oracle.dbtools.crest.model.design.logical.Attribute">
<Attribute name="cnpj_do_fornecedor" id="5AEB84DE-6A49-8945-3CC6-F955033AED43">
<createdBy>OverShade</createdBy>
<createdTime>2020-05-05 17:57:21 UTC</createdTime>
<ownerDesignName>Modelo Lógico E-Commerce</ownerDesignName>
<engineerTo>
<item key="62613AD8-FF0C-BFCD-BF97-9F7AE4F10EA9" value="true"/>
</engineerTo>
<use>0</use>
<ownDataTypeParameters>,,</ownDataTypeParameters>
</Attribute>
<Attribute name="id_fornecedor" id="637C9797-6D61-22E5-5BA0-1A808F4DC635">
<createdBy>OverShade</createdBy>
<createdTime>2020-05-07 18:44:01 UTC</createdTime>
<ownerDesignName>Modelo Lógico E-Commerce</ownerDesignName>
<engineerTo>
<item key="62613AD8-FF0C-BFCD-BF97-9F7AE4F10EA9" value="true"/>
</engineerTo>
<nullsAllowed>true</nullsAllowed>
<use>0</use>
<ownDataTypeParameters>,,</ownDataTypeParameters>
</Attribute>
<Attribute name="nome_do_fornecedor" id="722EBAA4-8BEC-9897-B6D7-3A7762511BE5">
<createdBy>OverShade</createdBy>
<createdTime>2020-05-05 17:57:02 UTC</createdTime>
<ownerDesignName>Modelo Lógico E-Commerce</ownerDesignName>
<engineerTo>
<item key="62613AD8-FF0C-BFCD-BF97-9F7AE4F10EA9" value="true"/>
</engineerTo>
<use>0</use>
<ownDataTypeParameters>,,</ownDataTypeParameters>
</Attribute>
<Attribute name="telefone_fornecedor" id="4B16BE6A-4BEB-1EB8-80A8-E4BE5E0C6F46">
<createdBy>OverShade</createdBy>
<createdTime>2020-05-05 18:03:47 UTC</createdTime>
<ownerDesignName>Modelo Lógico E-Commerce</ownerDesignName>
<engineerTo>
<item key="62613AD8-FF0C-BFCD-BF97-9F7AE4F10EA9" value="true"/>
</engineerTo>
<nullsAllowed>true</nullsAllowed>
<use>0</use>
<ownDataTypeParameters>,,</ownDataTypeParameters>
</Attribute>
<Attribute name="email_fornecedor" id="E2F6EB72-07E1-ABAD-702F-54D4908EE831">
<createdBy>OverShade</createdBy>
<createdTime>2020-05-05 18:03:56 UTC</createdTime>
<ownerDesignName>Modelo Lógico E-Commerce</ownerDesignName>
<engineerTo>
<item key="62613AD8-FF0C-BFCD-BF97-9F7AE4F10EA9" value="true"/>
</engineerTo>
<use>0</use>
<ownDataTypeParameters>,,</ownDataTypeParameters>
</Attribute>
</attributes>
<identifiers itemClass="oracle.dbtools.crest.model.design.logical.CandidateKey">
<identifier id="98C4BD58-9D08-4277-2836-3C8D6076930B" name="Produtos PK">
<createdBy>OverShade</createdBy>
<createdTime>2020-05-05 17:56:40 UTC</createdTime>
<ownerDesignName>Modelo Lógico E-Commerce</ownerDesignName>
<engineerTo>
<item key="62613AD8-FF0C-BFCD-BF97-9F7AE4F10EA9" value="true"/>
</engineerTo>
<pk>true</pk>
<usedAttributes>
<attributeRef>5AEB84DE-6A49-8945-3CC6-F955033AED43</attributeRef>
</usedAttributes>
</identifier>
<identifier id="63C05750-B1F6-D1D1-8462-175340233CF5" name="Email">
<createdBy>OverShade</createdBy>
<createdTime>2020-05-06 01:06:02 UTC</createdTime>
<ownerDesignName>Modelo Lógico E-Commerce</ownerDesignName>
<engineerTo>
<item key="62613AD8-FF0C-BFCD-BF97-9F7AE4F10EA9" value="true"/>
</engineerTo>
<newElementsIDs>E2F6EB72-07E1-ABAD-702F-54D4908EE831</newElementsIDs>
<usedAttributes>
<attributeRef>E2F6EB72-07E1-ABAD-702F-54D4908EE831</attributeRef>
</usedAttributes>
</identifier>
<identifier id="5DCC2667-F1D2-2ACC-4033-83EDF883C0BF" name="Telefone">
<createdBy>OverShade</createdBy>
<createdTime>2020-05-06 01:56:48 UTC</createdTime>
<ownerDesignName>Modelo Lógico E-Commerce</ownerDesignName>
<engineerTo>
<item key="62613AD8-FF0C-BFCD-BF97-9F7AE4F10EA9" value="true"/>
</engineerTo>
<newElementsIDs>4B16BE6A-4BEB-1EB8-80A8-E4BE5E0C6F46</newElementsIDs>
<usedAttributes>
<attributeRef>4B16BE6A-4BEB-1EB8-80A8-E4BE5E0C6F46</attributeRef>
</usedAttributes>
</identifier>
<identifier id="A1A173BA-735C-1E29-D550-49E418856DD4" name="Id_fornecedor">
<createdBy>OverShade</createdBy>
<createdTime>2020-05-07 18:44:13 UTC</createdTime>
<ownerDesignName>Modelo Lógico E-Commerce</ownerDesignName>
<engineerTo>
<item key="62613AD8-FF0C-BFCD-BF97-9F7AE4F10EA9" value="true"/>
</engineerTo>
<newElementsIDs>637C9797-6D61-22E5-5BA0-1A808F4DC635</newElementsIDs>
<usedAttributes>
<attributeRef>637C9797-6D61-22E5-5BA0-1A808F4DC635</attributeRef>
</usedAttributes>
</identifier>
</identifiers>
</Entity>