<?xml version = '1.0' encoding = 'UTF-8'?>
<Entity class="oracle.dbtools.crest.model.design.logical.Entity" directorySegmentName="seg_0" id="7012E2F0-BFB1-5EFB-ABDD-C43D8FD0F354" name="Produto">
<createdBy>OverShade</createdBy>
<createdTime>2020-04-04 00:40:16 UTC</createdTime>
<ownerDesignName>Modelo Lógico E-Commerce</ownerDesignName>
<engineerTo>
<item key="62613AD8-FF0C-BFCD-BF97-9F7AE4F10EA9" value="true"/>
</engineerTo>
<adequatelyNormalized>NO</adequatelyNormalized>
<expectedVolumes>0</expectedVolumes>
<fwdEngineeringStrategyName>Single Table</fwdEngineeringStrategyName>
<growthPercent>0</growthPercent>
<growthType>Year</growthType>
<maxVolumes>9999999</maxVolumes>
<minVolumes>0</minVolumes>
<normalForm>Third</normalForm>
<attributes itemClass="oracle.dbtools.crest.model.design.logical.Attribute">
<Attribute name="id_produto" id="AE93AA4C-9AA1-4084-4AD2-07B4A8B7C77B">
<createdBy>OverShade</createdBy>
<createdTime>2020-05-06 01:03:05 UTC</createdTime>
<ownerDesignName>Modelo Lógico E-Commerce</ownerDesignName>
<engineerTo>
<item key="62613AD8-FF0C-BFCD-BF97-9F7AE4F10EA9" value="true"/>
</engineerTo>
<use>0</use>
<ownDataTypeParameters>,,</ownDataTypeParameters>
</Attribute>
<Attribute name="codigo_do_produto" id="3379CE07-9086-8377-A1B8-4B90398719AE">
<createdBy>OverShade</createdBy>
<createdTime>2020-04-09 23:49:03 UTC</createdTime>
<ownerDesignName>Modelo Lógico E-Commerce</ownerDesignName>
<engineerTo>
<item key="62613AD8-FF0C-BFCD-BF97-9F7AE4F10EA9" value="true"/>
</engineerTo>
<use>0</use>
<ownDataTypeParameters>,,</ownDataTypeParameters>
</Attribute>
<Attribute name="nome_do_produto" id="C07BEBDD-FBBA-61B6-23D4-F362F4CF7801">
<createdBy>OverShade</createdBy>
<createdTime>2020-04-09 23:48:49 UTC</createdTime>
<ownerDesignName>Modelo Lógico E-Commerce</ownerDesignName>
<engineerTo>
<item key="62613AD8-FF0C-BFCD-BF97-9F7AE4F10EA9" value="true"/>
</engineerTo>
<use>0</use>
<ownDataTypeParameters>,,</ownDataTypeParameters>
</Attribute>
<Attribute name="categoria" id="F2929EDD-5579-7098-BD1A-5085F5DC0A3A">
<createdBy>OverShade</createdBy>
<createdTime>2020-04-09 23:08:17 UTC</createdTime>
<ownerDesignName>Modelo Lógico E-Commerce</ownerDesignName>
<engineerTo>
<item key="62613AD8-FF0C-BFCD-BF97-9F7AE4F10EA9" value="true"/>
</engineerTo>
<nullsAllowed>true</nullsAllowed>
<use>0</use>
<ownDataTypeParameters>,,</ownDataTypeParameters>
</Attribute>
<Attribute name="marca" id="EA248D8C-DB10-FD30-72B3-6D37F8E9170D">
<createdBy>OverShade</createdBy>
<createdTime>2020-04-09 23:49:15 UTC</createdTime>
<ownerDesignName>Modelo Lógico E-Commerce</ownerDesignName>
<engineerTo>
<item key="62613AD8-FF0C-BFCD-BF97-9F7AE4F10EA9" value="true"/>
</engineerTo>
<use>0</use>
<ownDataTypeParameters>,,</ownDataTypeParameters>
</Attribute>
<Attribute name="modelo" id="089EC03C-8042-5AD3-2DDD-9CB3117A8E89">
<createdBy>OverShade</createdBy>
<createdTime>2020-04-09 23:49:25 UTC</createdTime>
<ownerDesignName>Modelo Lógico E-Commerce</ownerDesignName>
<engineerTo>
<item key="62613AD8-FF0C-BFCD-BF97-9F7AE4F10EA9" value="true"/>
</engineerTo>
<use>0</use>
<ownDataTypeParameters>,,</ownDataTypeParameters>
</Attribute>
<Attribute name="quantidade_produto" id="8F803CBD-EED3-63CF-5D79-8BE97F8C8992">
<createdBy>OverShade</createdBy>
<createdTime>2020-04-09 23:50:17 UTC</createdTime>
<ownerDesignName>Modelo Lógico E-Commerce</ownerDesignName>
<engineerTo>
<item key="62613AD8-FF0C-BFCD-BF97-9F7AE4F10EA9" value="true"/>
</engineerTo>
<use>0</use>
<ownDataTypeParameters>,,</ownDataTypeParameters>
</Attribute>
<Attribute name="preco" id="407A5702-E2B6-B205-43EE-676E0B960D65">
<createdBy>OverShade</createdBy>
<createdTime>2020-04-13 16:43:09 UTC</createdTime>
<ownerDesignName>Modelo Lógico E-Commerce</ownerDesignName>
<engineerTo>
<item key="62613AD8-FF0C-BFCD-BF97-9F7AE4F10EA9" value="true"/>
</engineerTo>
<use>0</use>
<ownDataTypeParameters>,,</ownDataTypeParameters>
</Attribute>
<Attribute name="cnpj_do_fornecedor" id="BB099DF5-B4FF-DB13-64AD-43CBE6A0DD3A">
<createdBy>OverShade</createdBy>
<createdTime>2020-05-05 18:03:42 UTC</createdTime>
<generatorID>3887C972-F72B-721C-2A93-8D6C8A6B9B56</generatorID>
<ownerDesignName>Modelo Lógico E-Commerce</ownerDesignName>
<engineerTo>
<item key="62613AD8-FF0C-BFCD-BF97-9F7AE4F10EA9" value="true"/>
</engineerTo>
<referedAttribute>5AEB84DE-6A49-8945-3CC6-F955033AED43</referedAttribute>
<use>0</use>
<ownDataTypeParameters>,,</ownDataTypeParameters>
</Attribute>
</attributes>
<identifiers itemClass="oracle.dbtools.crest.model.design.logical.CandidateKey">
<identifier id="538632F6-035E-B345-DC44-B3128CBCD8E3" name="Produtos PK">
<createdBy>OverShade</createdBy>
<createdTime>2020-04-13 16:38:23 UTC</createdTime>
<ownerDesignName>Modelo Lógico E-Commerce</ownerDesignName>
<engineerTo>
<item key="62613AD8-FF0C-BFCD-BF97-9F7AE4F10EA9" value="true"/>
</engineerTo>
<pk>true</pk>
<usedAttributes>
<attributeRef>3379CE07-9086-8377-A1B8-4B90398719AE</attributeRef>
</usedAttributes>
</identifier>
<identifier id="5F01AE43-3C4D-D55E-6678-8032FB8C1B54" name="ID Produto">
<createdBy>OverShade</createdBy>
<createdTime>2020-05-06 01:07:28 UTC</createdTime>
<ownerDesignName>Modelo Lógico E-Commerce</ownerDesignName>
<engineerTo>
<item key="62613AD8-FF0C-BFCD-BF97-9F7AE4F10EA9" value="true"/>
</engineerTo>
<newElementsIDs>AE93AA4C-9AA1-4084-4AD2-07B4A8B7C77B</newElementsIDs>
<usedAttributes>
<attributeRef>AE93AA4C-9AA1-4084-4AD2-07B4A8B7C77B</attributeRef>
</usedAttributes>
</identifier>
<identifier id="CEE9352E-0F74-7DC8-2DA0-DD397E04C377" name="Nome do Produto">
<createdBy>OverShade</createdBy>
<createdTime>2020-05-06 01:26:18 UTC</createdTime>
<ownerDesignName>Modelo Lógico E-Commerce</ownerDesignName>
<engineerTo>
<item key="62613AD8-FF0C-BFCD-BF97-9F7AE4F10EA9" value="true"/>
</engineerTo>
<newElementsIDs>C07BEBDD-FBBA-61B6-23D4-F362F4CF7801</newElementsIDs>
<usedAttributes>
<attributeRef>C07BEBDD-FBBA-61B6-23D4-F362F4CF7801</attributeRef>
</usedAttributes>
</identifier>
</identifiers>
</Entity>