<?xml version = '1.0' encoding = 'UTF-8'?>
<Entity class="oracle.dbtools.crest.model.design.logical.Entity" directorySegmentName="seg_0" id="A888398B-A639-91CE-9820-286CD3003D10" name="Transportadora">
<createdBy>OverShade</createdBy>
<createdTime>2020-04-04 00:41:56 UTC</createdTime>
<ownerDesignName>Modelo Lógico E-Commerce</ownerDesignName>
<engineerTo>
<item key="62613AD8-FF0C-BFCD-BF97-9F7AE4F10EA9" value="true"/>
</engineerTo>
<adequatelyNormalized>NO</adequatelyNormalized>
<expectedVolumes>0</expectedVolumes>
<fwdEngineeringStrategyName>Single Table</fwdEngineeringStrategyName>
<growthPercent>0</growthPercent>
<growthType>Year</growthType>
<maxVolumes>9999999</maxVolumes>
<minVolumes>0</minVolumes>
<normalForm>Third</normalForm>
<attributes itemClass="oracle.dbtools.crest.model.design.logical.Attribute">
<Attribute name="id_transportadora" id="4AD7ACE1-D732-F619-B97D-92C72F15266A">
<createdBy>OverShade</createdBy>
<createdTime>2020-05-07 19:24:07 UTC</createdTime>
<ownerDesignName>Modelo Lógico E-Commerce</ownerDesignName>
<engineerTo>
<item key="62613AD8-FF0C-BFCD-BF97-9F7AE4F10EA9" value="true"/>
</engineerTo>
<use>0</use>
<ownDataTypeParameters>,,</ownDataTypeParameters>
</Attribute>
<Attribute name="cnpj_da_transportadora" id="1DE00E30-9810-C209-0F33-26A64517F87B">
<createdBy>OverShade</createdBy>
<createdTime>2020-04-09 23:53:59 UTC</createdTime>
<ownerDesignName>Modelo Lógico E-Commerce</ownerDesignName>
<engineerTo>
<item key="62613AD8-FF0C-BFCD-BF97-9F7AE4F10EA9" value="true"/>
</engineerTo>
<use>0</use>
<ownDataTypeParameters>,,</ownDataTypeParameters>
</Attribute>
<Attribute name="nome_da_transportadora" id="2E437599-4D06-9B07-38D4-F0DD6D267E8B">
<createdBy>OverShade</createdBy>
<createdTime>2020-04-09 23:53:44 UTC</createdTime>
<ownerDesignName>Modelo Lógico E-Commerce</ownerDesignName>
<engineerTo>
<item key="62613AD8-FF0C-BFCD-BF97-9F7AE4F10EA9" value="true"/>
</engineerTo>
<use>0</use>
<ownDataTypeParameters>,,</ownDataTypeParameters>
</Attribute>
<Attribute name="email_transportadora" id="B699BF0E-134E-7131-D577-347DCA661878">
<createdBy>OverShade</createdBy>
<createdTime>2020-04-09 23:54:05 UTC</createdTime>
<ownerDesignName>Modelo Lógico E-Commerce</ownerDesignName>
<engineerTo>
<item key="62613AD8-FF0C-BFCD-BF97-9F7AE4F10EA9" value="true"/>
</engineerTo>
<use>0</use>
<ownDataTypeParameters>,,</ownDataTypeParameters>
</Attribute>
<Attribute name="telefone_transportadora" id="F41B2756-B337-E0A9-47D9-449DB3A2D057">
<createdBy>OverShade</createdBy>
<createdTime>2020-04-13 16:46:37 UTC</createdTime>
<ownerDesignName>Modelo Lógico E-Commerce</ownerDesignName>
<engineerTo>
<item key="62613AD8-FF0C-BFCD-BF97-9F7AE4F10EA9" value="true"/>
</engineerTo>
<nullsAllowed>true</nullsAllowed>
<use>0</use>
<ownDataTypeParameters>,,</ownDataTypeParameters>
</Attribute>
</attributes>
<identifiers itemClass="oracle.dbtools.crest.model.design.logical.CandidateKey">
<identifier id="CE9159F0-DC1A-5865-4C7D-4A54ECF12ABC" name="Transportadora PK">
<createdBy>OverShade</createdBy>
<createdTime>2020-04-13 16:38:49 UTC</createdTime>
<ownerDesignName>Modelo Lógico E-Commerce</ownerDesignName>
<engineerTo>
<item key="62613AD8-FF0C-BFCD-BF97-9F7AE4F10EA9" value="true"/>
</engineerTo>
<pk>true</pk>
<usedAttributes>
<attributeRef>1DE00E30-9810-C209-0F33-26A64517F87B</attributeRef>
</usedAttributes>
</identifier>
<identifier id="3950F6E0-F7BC-B212-BB61-51B461D41441" name="Email">
<createdBy>OverShade</createdBy>
<createdTime>2020-05-06 01:08:15 UTC</createdTime>
<ownerDesignName>Modelo Lógico E-Commerce</ownerDesignName>
<engineerTo>
<item key="62613AD8-FF0C-BFCD-BF97-9F7AE4F10EA9" value="true"/>
</engineerTo>
<newElementsIDs>B699BF0E-134E-7131-D577-347DCA661878</newElementsIDs>
<usedAttributes>
<attributeRef>B699BF0E-134E-7131-D577-347DCA661878</attributeRef>
</usedAttributes>
</identifier>
<identifier id="27D6CE4F-792F-BFD3-9CA8-C55228A5F24E" name="Telefone">
<createdBy>OverShade</createdBy>
<createdTime>2020-05-06 01:31:17 UTC</createdTime>
<ownerDesignName>Modelo Lógico E-Commerce</ownerDesignName>
<engineerTo>
<item key="62613AD8-FF0C-BFCD-BF97-9F7AE4F10EA9" value="true"/>
</engineerTo>
<newElementsIDs>F41B2756-B337-E0A9-47D9-449DB3A2D057</newElementsIDs>
<usedAttributes>
<attributeRef>F41B2756-B337-E0A9-47D9-449DB3A2D057</attributeRef>
</usedAttributes>
</identifier>
<identifier id="CACE40FD-A179-D9BC-814F-9EDE4708259C" name="id_transportadora">
<createdBy>OverShade</createdBy>
<createdTime>2020-05-07 19:24:17 UTC</createdTime>
<ownerDesignName>Modelo Lógico E-Commerce</ownerDesignName>
<engineerTo>
<item key="62613AD8-FF0C-BFCD-BF97-9F7AE4F10EA9" value="true"/>
</engineerTo>
<newElementsIDs>4AD7ACE1-D732-F619-B97D-92C72F15266A</newElementsIDs>
<usedAttributes>
<attributeRef>4AD7ACE1-D732-F619-B97D-92C72F15266A</attributeRef>
</usedAttributes>
</identifier>
</identifiers>
</Entity>