<?xml version = '1.0' encoding = 'UTF-8'?>
<Entity class="oracle.dbtools.crest.model.design.logical.Entity" directorySegmentName="seg_0" id="D1569A2E-4A0D-0A09-74A0-B2731842BFD0" name="Carrinho">
<createdBy>OverShade</createdBy>
<createdTime>2020-04-04 00:40:50 UTC</createdTime>
<ownerDesignName>Modelo Lógico E-Commerce</ownerDesignName>
<engineerTo>
<item key="62613AD8-FF0C-BFCD-BF97-9F7AE4F10EA9" value="true"/>
</engineerTo>
<adequatelyNormalized>NO</adequatelyNormalized>
<expectedVolumes>0</expectedVolumes>
<fwdEngineeringStrategyName>Single Table</fwdEngineeringStrategyName>
<growthPercent>0</growthPercent>
<growthType>Year</growthType>
<maxVolumes>9999999</maxVolumes>
<minVolumes>0</minVolumes>
<normalForm>Third</normalForm>
<attributes itemClass="oracle.dbtools.crest.model.design.logical.Attribute">
<Attribute name="id_carrinho" id="9C2DB75B-105A-8A56-5ACA-41F785DF34B8">
<createdBy>OverShade</createdBy>
<createdTime>2020-04-28 18:09:35 UTC</createdTime>
<ownerDesignName>Modelo Lógico E-Commerce</ownerDesignName>
<engineerTo>
<item key="62613AD8-FF0C-BFCD-BF97-9F7AE4F10EA9" value="true"/>
</engineerTo>
<use>0</use>
<ownDataTypeParameters>,,</ownDataTypeParameters>
</Attribute>
<Attribute name="codigo_do_produto" id="C4D26BF5-2598-2682-1B52-8D379D09E379">
<createdBy>OverShade</createdBy>
<createdTime>2020-04-13 16:38:29 UTC</createdTime>
<generatorID>0DA5F42D-047A-D94E-5B3D-7B460A5C1A6C</generatorID>
<ownerDesignName>Modelo Lógico E-Commerce</ownerDesignName>
<engineerTo>
<item key="62613AD8-FF0C-BFCD-BF97-9F7AE4F10EA9" value="true"/>
</engineerTo>
<referedAttribute>3379CE07-9086-8377-A1B8-4B90398719AE</referedAttribute>
<use>0</use>
<ownDataTypeParameters>,,</ownDataTypeParameters>
</Attribute>
<Attribute name="quantidade_carrinho" id="51456287-27F7-42E2-FDF9-511E84508CBD">
<createdBy>OverShade</createdBy>
<createdTime>2020-04-13 16:41:57 UTC</createdTime>
<ownerDesignName>Modelo Lógico E-Commerce</ownerDesignName>
<engineerTo>
<item key="62613AD8-FF0C-BFCD-BF97-9F7AE4F10EA9" value="true"/>
</engineerTo>
<use>0</use>
<ownDataTypeParameters>,,</ownDataTypeParameters>
</Attribute>
<Attribute name="valor_carrinho" id="9D5919AD-39A5-62DC-32EB-584DD420C9CB">
<createdBy>OverShade</createdBy>
<createdTime>2020-04-15 00:18:37 UTC</createdTime>
<ownerDesignName>Modelo Lógico E-Commerce</ownerDesignName>
<engineerTo>
<item key="62613AD8-FF0C-BFCD-BF97-9F7AE4F10EA9" value="true"/>
</engineerTo>
<use>0</use>
<ownDataTypeParameters>,,</ownDataTypeParameters>
</Attribute>
<Attribute name="numero_da_venda" id="5F3146C4-954E-2FB8-72E1-8AB928346722">
<createdBy>OverShade</createdBy>
<createdTime>2020-04-23 16:58:19 UTC</createdTime>
<generatorID>73C86F23-DBD3-2041-1DA8-2602420A5FFF</generatorID>
<ownerDesignName>Modelo Lógico E-Commerce</ownerDesignName>
<engineerTo>
<item key="62613AD8-FF0C-BFCD-BF97-9F7AE4F10EA9" value="true"/>
</engineerTo>
<referedAttribute>67838D73-DCBE-F5F4-E7B4-EE1CBAEF6B90</referedAttribute>
<use>0</use>
<ownDataTypeParameters>,,</ownDataTypeParameters>
</Attribute>
</attributes>
<identifiers itemClass="oracle.dbtools.crest.model.design.logical.CandidateKey">
<identifier id="094ACE44-B8CC-596F-1C06-6AB5CCC4A8FF" name="Carrinho PK">
<createdBy>OverShade</createdBy>
<createdTime>2020-04-28 18:09:44 UTC</createdTime>
<ownerDesignName>Modelo Lógico E-Commerce</ownerDesignName>
<engineerTo>
<item key="62613AD8-FF0C-BFCD-BF97-9F7AE4F10EA9" value="true"/>
</engineerTo>
<pk>true</pk>
<usedAttributes>
<attributeRef>9C2DB75B-105A-8A56-5ACA-41F785DF34B8</attributeRef>
</usedAttributes>
</identifier>
</identifiers>
</Entity>