<?xml version = '1.0' encoding = 'UTF-8'?>
<FKIndexAssociation class="oracle.dbtools.crest.model.design.relational.FKIndexAssociation" directorySegmentName="seg_0" id="1A45C7FD-DE48-F725-16CC-7F65B189B141" containerWithKeyObject="5F8AB557-F89C-D949-6BED-246141E4FF18" localFKIndex="18B5ACE8-640B-33FD-BC7D-8EB6D2BB63AC" name="vend_carri_FK">
<createdBy>OverShade</createdBy>
<createdTime>2020-05-07 19:58:33 UTC</createdTime>
<ownerDesignName>Modelo Lógico E-Commerce</ownerDesignName>
<referredTableLongName>Carrinhos</referredTableLongName>
<deleteRule>NO ACTION</deleteRule>
<referredTableID>DA15E125-853B-7B68-4BDA-850FF08ABF38</referredTableID>
<keyObject>83A24856-98FF-48DD-BF77-CD80D0E79649</keyObject>
<referredKeyID>83A24856-98FF-48DD-BF77-CD80D0E79649</referredKeyID>
<mandatory>true</mandatory>
<refColNames>id_carrinho</refColNames>
<transferable>true</transferable>
<rely>false</rely>
<columnDependencyConstraintGenerateInDDL>true</columnDependencyConstraintGenerateInDDL>
</FKIndexAssociation>