<?xml version = '1.0' encoding = 'UTF-8'?>
<FKIndexAssociation class="oracle.dbtools.crest.model.design.relational.FKIndexAssociation" directorySegmentName="seg_0" id="1DA037F9-1315-291C-677C-433F7082FB1C" containerWithKeyObject="715738EF-5375-ABAE-321A-87F23B4B124A" localFKIndex="8539F55C-E55B-8B04-E10B-18543261CABF" name="atendi_client_FK">
<createdBy>OverShade</createdBy>
<createdTime>2020-05-07 20:05:32 UTC</createdTime>
<ownerDesignName>Modelo Lógico E-Commerce</ownerDesignName>
<referredTableLongName>Clientes</referredTableLongName>
<deleteRule>NO ACTION</deleteRule>
<referredTableID>577FB734-C881-401E-39D0-22181E5DF7DB</referredTableID>
<keyObject>33487BF5-2A6D-90E3-A75B-1CFAFF8987AA</keyObject>
<referredKeyID>33487BF5-2A6D-90E3-A75B-1CFAFF8987AA</referredKeyID>
<mandatory>true</mandatory>
<refColNames>id_cliente</refColNames>
<transferable>true</transferable>
<rely>false</rely>
<columnDependencyConstraintGenerateInDDL>true</columnDependencyConstraintGenerateInDDL>
</FKIndexAssociation>