<?xml version = '1.0' encoding = 'UTF-8'?>
<FKIndexAssociation class="oracle.dbtools.crest.model.design.relational.FKIndexAssociation" directorySegmentName="seg_0" id="499C4EB6-3B04-FF9F-63C4-CCCBDF226C53" containerWithKeyObject="380D73C0-EFAB-F086-2250-EA3D91850D49" localFKIndex="5896C982-9DFA-FA34-0E65-8528E656522B" name="prod_forne_FK">
<createdBy>OverShade</createdBy>
<createdTime>2020-05-07 19:35:44 UTC</createdTime>
<ownerDesignName>Modelo Lógico E-Commerce</ownerDesignName>
<referredTableLongName>Fornecedores</referredTableLongName>
<deleteRule>NO ACTION</deleteRule>
<referredTableID>C8A35A2A-5D3D-D1E0-C6A3-A092678F906B</referredTableID>
<keyObject>C4F680EB-611B-18C0-7B57-5613C60CE9E7</keyObject>
<referredKeyID>C4F680EB-611B-18C0-7B57-5613C60CE9E7</referredKeyID>
<mandatory>true</mandatory>
<refColNames>id_fornecedor</refColNames>
<transferable>true</transferable>
<rely>false</rely>
<columnDependencyConstraintGenerateInDDL>true</columnDependencyConstraintGenerateInDDL>
</FKIndexAssociation>