<?xml version = '1.0' encoding = 'UTF-8'?>
<FKIndexAssociation class="oracle.dbtools.crest.model.design.relational.FKIndexAssociation" directorySegmentName="seg_0" id="6F1B3327-504B-568C-2F00-9E6E1D54AD2B" containerWithKeyObject="5F8AB557-F89C-D949-6BED-246141E4FF18" localFKIndex="D38EED4A-4CE2-B8EA-82E5-956ECA96260F" name="vend_Transportadora_FK">
<createdBy>OverShade</createdBy>
<createdTime>2020-05-07 19:58:56 UTC</createdTime>
<ownerDesignName>Modelo Lógico E-Commerce</ownerDesignName>
<referredTableLongName>Transportadora</referredTableLongName>
<deleteRule>NO ACTION</deleteRule>
<referredTableID>50BDD38C-99A4-24B9-8E59-2EB0AE97F899</referredTableID>
<keyObject>F21EEA63-D0FF-622E-DBA8-91CCDEC09322</keyObject>
<referredKeyID>F21EEA63-D0FF-622E-DBA8-91CCDEC09322</referredKeyID>
<mandatory>true</mandatory>
<refColNames>id_transportadora</refColNames>
<transferable>true</transferable>
<rely>false</rely>
<columnDependencyConstraintGenerateInDDL>true</columnDependencyConstraintGenerateInDDL>
</FKIndexAssociation>