<?xml version = '1.0' encoding = 'UTF-8'?>
<FKIndexAssociation class="oracle.dbtools.crest.model.design.relational.FKIndexAssociation" directorySegmentName="seg_0" id="910355EF-BA4C-D245-FCD7-E932249A610E" containerWithKeyObject="380D73C0-EFAB-F086-2250-EA3D91850D49" localFKIndex="93192CC1-3BEB-2910-0480-130346371575" name="prod_comp_produtos_FK">
<createdBy>OverShade</createdBy>
<createdTime>2020-05-07 20:03:15 UTC</createdTime>
<ownerDesignName>Modelo Lógico E-Commerce</ownerDesignName>
<referredTableLongName>Compras_produtos</referredTableLongName>
<deleteRule>NO ACTION</deleteRule>
<referredTableID>4C7E7C19-81E9-FCF4-13F5-FDDCCFAE02C5</referredTableID>
<keyObject>39EFAB22-C069-644B-88F3-150EF950023B</keyObject>
<referredKeyID>39EFAB22-C069-644B-88F3-150EF950023B</referredKeyID>
<mandatory>true</mandatory>
<refColNames>id_compra_produto</refColNames>
<transferable>true</transferable>
<rely>false</rely>
<columnDependencyConstraintGenerateInDDL>true</columnDependencyConstraintGenerateInDDL>
</FKIndexAssociation>