<?xml version = '1.0' encoding = 'UTF-8'?>
<FKIndexAssociation class="oracle.dbtools.crest.model.design.relational.FKIndexAssociation" directorySegmentName="seg_0" id="9EC8E8A4-5A46-B354-BD2E-FF895B3D1629" containerWithKeyObject="4C7E7C19-81E9-FCF4-13F5-FDDCCFAE02C5" localFKIndex="1C1271B9-6D29-79C0-CA38-560381D0ED7E" name="comp_produtos_comp_FK">
<createdBy>OverShade</createdBy>
<createdTime>2020-05-07 20:02:42 UTC</createdTime>
<ownerDesignName>Modelo Lógico E-Commerce</ownerDesignName>
<referredTableLongName>Compras</referredTableLongName>
<deleteRule>NO ACTION</deleteRule>
<referredTableID>F4C1522C-B7BB-FAB8-2F6D-31FCA6750D82</referredTableID>
<keyObject>DB67F566-B264-95DE-9736-D8FBBDAD14C5</keyObject>
<referredKeyID>DB67F566-B264-95DE-9736-D8FBBDAD14C5</referredKeyID>
<mandatory>true</mandatory>
<refColNames>id_compra</refColNames>
<transferable>true</transferable>
<rely>false</rely>
<columnDependencyConstraintGenerateInDDL>true</columnDependencyConstraintGenerateInDDL>
</FKIndexAssociation>