<?xml version = '1.0' encoding = 'UTF-8'?>
<FKIndexAssociation class="oracle.dbtools.crest.model.design.relational.FKIndexAssociation" directorySegmentName="seg_0" id="B0976F06-5BE8-4CF3-5BA5-5B49B90E5255" containerWithKeyObject="DA15E125-853B-7B68-4BDA-850FF08ABF38" localFKIndex="A90BD92E-8A02-1719-D855-204B4509EE08" name="carri_prod_FK">
<createdBy>OverShade</createdBy>
<createdTime>2020-05-07 19:58:20 UTC</createdTime>
<ownerDesignName>Modelo Lógico E-Commerce</ownerDesignName>
<referredTableLongName>Produtos</referredTableLongName>
<deleteRule>NO ACTION</deleteRule>
<referredTableID>380D73C0-EFAB-F086-2250-EA3D91850D49</referredTableID>
<keyObject>A3C7CC28-DD94-1B8E-C3A2-8C4DCD9C360F</keyObject>
<referredKeyID>A3C7CC28-DD94-1B8E-C3A2-8C4DCD9C360F</referredKeyID>
<mandatory>true</mandatory>
<refColNames>id_produto</refColNames>
<transferable>true</transferable>
<rely>false</rely>
<columnDependencyConstraintGenerateInDDL>true</columnDependencyConstraintGenerateInDDL>
</FKIndexAssociation>