<?xml version = '1.0' encoding = 'UTF-8'?>
<FKIndexAssociation class="oracle.dbtools.crest.model.design.relational.FKIndexAssociation" directorySegmentName="seg_0" id="B3CDC768-49BE-1769-26D9-403ABE924F81" containerWithKeyObject="F4C1522C-B7BB-FAB8-2F6D-31FCA6750D82" localFKIndex="20BCC65F-5DE4-FE30-6D74-54835B03877B" name="comp_atende_FK">
<createdBy>OverShade</createdBy>
<createdTime>2020-05-07 20:02:29 UTC</createdTime>
<ownerDesignName>Modelo Lógico E-Commerce</ownerDesignName>
<referredTableLongName>Atendentes</referredTableLongName>
<deleteRule>NO ACTION</deleteRule>
<referredTableID>9BB84E18-7EE5-DBF4-9F32-0BA043467CD6</referredTableID>
<keyObject>F66120C9-E432-6E94-BA39-E90ABDABEEFF</keyObject>
<referredKeyID>F66120C9-E432-6E94-BA39-E90ABDABEEFF</referredKeyID>
<mandatory>true</mandatory>
<refColNames>numero_da_matricula</refColNames>
<transferable>true</transferable>
<rely>false</rely>
<columnDependencyConstraintGenerateInDDL>true</columnDependencyConstraintGenerateInDDL>
</FKIndexAssociation>