<?xml version = '1.0' encoding = 'UTF-8'?>
<FKIndexAssociation class="oracle.dbtools.crest.model.design.relational.FKIndexAssociation" directorySegmentName="seg_0" id="C6D4A6A7-49F2-9EB3-08DB-BBF4DB94449E" containerWithKeyObject="715738EF-5375-ABAE-321A-87F23B4B124A" localFKIndex="67ABFC93-E5D4-0B44-2E96-F69F0272F922" name="atendi_atende_FK">
<createdBy>OverShade</createdBy>
<createdTime>2020-05-07 20:01:58 UTC</createdTime>
<ownerDesignName>Modelo Lógico E-Commerce</ownerDesignName>
<referredTableLongName>Atendentes</referredTableLongName>
<deleteRule>NO ACTION</deleteRule>
<referredTableID>9BB84E18-7EE5-DBF4-9F32-0BA043467CD6</referredTableID>
<keyObject>F66120C9-E432-6E94-BA39-E90ABDABEEFF</keyObject>
<referredKeyID>F66120C9-E432-6E94-BA39-E90ABDABEEFF</referredKeyID>
<mandatory>true</mandatory>
<refColNames>numero_da_matricula</refColNames>
<transferable>true</transferable>
<rely>false</rely>
<columnDependencyConstraintGenerateInDDL>true</columnDependencyConstraintGenerateInDDL>
</FKIndexAssociation>