<?xml version = '1.0' encoding = 'UTF-8'?>
<FKIndexAssociation class="oracle.dbtools.crest.model.design.relational.FKIndexAssociation" directorySegmentName="seg_0" id="D801AD4E-1AE1-416A-3762-0BAB427B3254" containerWithKeyObject="577FB734-C881-401E-39D0-22181E5DF7DB" localFKIndex="D3E80D35-4531-975F-780C-B7A7A66F82F9" name="client_ende_FK">
<createdBy>OverShade</createdBy>
<createdTime>2020-05-07 20:12:22 UTC</createdTime>
<ownerDesignName>Modelo Lógico E-Commerce</ownerDesignName>
<referredTableLongName>Enderecos</referredTableLongName>
<deleteRule>NO ACTION</deleteRule>
<referredTableID>EF30DDB3-4F08-C876-CB1E-386B5749F3D2</referredTableID>
<keyObject>9A6FA856-95B2-766E-E6A6-C4E77F09E28B</keyObject>
<referredKeyID>9A6FA856-95B2-766E-E6A6-C4E77F09E28B</referredKeyID>
<mandatory>true</mandatory>
<refColNames>id_endereco</refColNames>
<transferable>true</transferable>
<rely>false</rely>
<columnDependencyConstraintGenerateInDDL>true</columnDependencyConstraintGenerateInDDL>
</FKIndexAssociation>